日期,股票代码,开盘,收盘,最高,最低,成交量,成交额,振幅,涨跌幅,涨跌额,换手率
2020-05-27,600893,23.79,23.28,23.99,23.24,69254,167714260.0,3.14,-2.55,-0.61,0.36
2020-05-28,600893,23.3,23.34,23.53,23.01,65873,157678184.0,2.23,0.26,0.06,0.34
2020-05-29,600893,23.19,23.34,23.53,23.1,74784,179785140.0,1.84,0.0,0.0,0.38
2020-06-01,600893,23.43,23.7,23.84,23.2,111694,271390496.0,2.74,1.54,0.36,0.57
2020-06-02,600893,23.69,23.7,24.29,23.62,104966,257960305.0,2.83,0.0,0.0,0.54
2020-06-03,600893,23.75,23.42,23.84,23.41,77901,189972717.0,1.81,-1.18,-0.28,0.4
2020-06-04,600893,23.52,23.4,23.78,23.18,68408,165542899.0,2.56,-0.09,-0.02,0.35
2020-06-05,600893,23.47,22.95,23.49,22.79,117994,280059376.0,2.99,-1.92,-0.45,0.61
2020-06-08,600893,23.02,22.84,23.22,22.76,86133,204064668.0,2.0,-0.48,-0.11,0.44
2020-06-09,600893,22.87,22.71,22.94,22.49,98314,229791924.0,1.97,-0.57,-0.13,0.5
2020-06-10,600893,22.73,22.68,22.86,22.47,76398,178593915.0,1.72,-0.13,-0.03,0.39
2020-06-11,600893,22.79,22.57,23.06,22.39,101186,236972838.0,2.95,-0.49,-0.11,0.52
2020-06-12,600893,22.19,22.59,22.64,22.14,97642,225898747.0,2.22,0.09,0.02,0.5
2020-06-15,600893,22.32,21.99,22.5,21.98,113842,260880187.0,2.3,-2.66,-0.6,0.58
2020-06-16,600893,22.17,22.31,22.36,22.11,60883,139816913.0,1.14,1.46,0.32,0.31
2020-06-17,600893,22.57,22.69,23.06,22.54,113016,264921590.0,2.33,1.7,0.38,0.58
2020-06-18,600893,22.42,22.26,22.5,22.12,87270,200583098.0,1.67,-1.9,-0.43,0.45
2020-06-19,600893,22.19,22.39,22.5,22.19,86899,200675466.0,1.39,0.58,0.13,0.45
2020-06-22,600893,22.49,22.77,22.86,22.45,88188,206581555.0,1.83,1.7,0.38,0.45
2020-06-23,600893,22.84,22.94,22.97,22.67,91044,214612769.0,1.32,0.75,0.17,0.47
2020-06-24,600893,22.89,22.64,22.89,22.51,72344,168895908.0,1.66,-1.31,-0.3,0.37
2020-06-29,600893,22.58,22.85,23.44,22.45,118875,281486880.0,4.37,0.93,0.21,0.61
2020-06-30,600893,22.97,22.77,22.97,22.59,98575,231361609.0,1.66,-0.35,-0.08,0.51
2020-07-01,600893,22.8,23.18,23.31,22.62,143424,338321808.0,3.03,1.8,0.41,0.74
2020-07-02,600893,23.06,23.49,23.55,22.93,154997,370912624.0,2.67,1.34,0.31,0.8
2020-07-03,600893,23.57,23.69,24.11,23.39,196040,478637568.0,3.07,0.85,0.2,1.01
2020-07-06,600893,24.09,25.48,25.74,24.0,381132,979221584.0,7.34,7.56,1.79,1.96
2020-07-07,600893,25.79,26.5,27.36,25.35,482493,1323363888.0,7.89,4.0,1.02,2.48
2020-07-08,600893,26.34,29.22,29.22,26.33,531878,1530045456.0,10.91,10.26,2.72,2.73
2020-07-09,600893,32.14,32.21,32.21,31.09,752961,2457418592.0,3.83,10.23,2.99,3.87
2020-07-10,600893,32.79,31.49,34.03,31.16,881379,2934426384.0,8.91,-2.24,-0.72,4.53
2020-07-13,600893,31.44,31.79,32.19,30.74,563141,1817602368.0,4.6,0.95,0.3,2.89
2020-07-14,600893,31.29,31.89,33.69,31.14,531466,1757923568.0,8.02,0.31,0.1,2.73
2020-07-15,600893,32.04,30.58,32.42,30.12,433386,1370665248.0,7.21,-4.11,-1.31,2.23
2020-07-16,600893,30.73,29.25,31.3,29.17,304590,940083904.0,6.97,-4.35,-1.33,1.56
2020-07-17,600893,29.42,30.24,31.53,29.29,425211,1316365536.0,7.66,3.38,0.99,2.18
2020-07-20,600893,31.13,33.32,33.32,30.84,597966,1977280272.0,8.2,10.19,3.08,3.07
2020-07-21,600893,33.33,31.35,33.33,31.28,508302,1647685680.0,6.15,-5.91,-1.97,2.61
2020-07-22,600893,30.84,31.77,33.27,30.76,404550,1326201760.0,8.01,1.34,0.42,2.08
2020-07-23,600893,32.43,33.84,34.88,31.72,648322,2197960832.0,9.95,6.52,2.07,3.33
2020-07-24,600893,34.37,33.64,36.55,33.03,779644,2779005488.0,10.4,-0.59,-0.2,4.0
2020-07-27,600893,33.23,34.74,36.14,32.76,582582,2047813136.0,10.05,3.27,1.1,2.99
2020-07-28,600893,34.43,36.97,37.31,33.6,625231,2282002944.0,10.68,6.42,2.23,3.21
2020-07-29,600893,36.43,37.47,37.67,35.93,497923,1860131824.0,4.71,1.35,0.5,2.56
2020-07-30,600893,37.13,36.75,39.53,36.04,560062,2136615056.0,9.31,-1.92,-0.72,2.88
2020-07-31,600893,36.67,36.3,36.81,35.19,367795,1343018816.0,4.41,-1.22,-0.45,1.89
2020-08-03,600893,36.53,39.99,39.99,36.53,623073,2474848304.0,9.53,10.17,3.69,3.2
2020-08-04,600893,40.43,39.02,40.61,38.35,500768,1987836256.0,5.65,-2.43,-0.97,2.57
2020-08-05,600893,39.0,41.98,42.98,38.8,645157,2703568080.0,10.71,7.59,2.96,3.31
2020-08-06,600893,41.44,45.98,46.24,41.3,789758,3545435904.0,11.77,9.53,4.0,4.05
2020-08-07,600893,45.43,50.64,50.64,44.63,799529,3934021872.0,13.07,10.13,4.66,4.1
2020-08-10,600893,52.43,49.55,55.76,49.44,1116409,5988792832.0,12.48,-2.15,-1.09,5.73
2020-08-11,600893,49.53,50.51,52.69,48.53,638501,3274853776.0,8.4,1.94,0.96,3.28
2020-08-12,600893,48.53,46.98,48.94,45.44,609664,2918740560.0,6.93,-6.99,-3.53,3.13
2020-08-13,600893,48.53,48.43,49.75,47.24,418924,2065943904.0,5.34,3.09,1.45,2.15
2020-08-14,600893,48.18,49.24,51.38,47.31,425538,2135554896.0,8.4,1.67,0.81,2.18
2020-08-17,600893,50.13,50.43,50.63,47.93,396084,1976522912.0,5.48,2.42,1.19,2.03
2020-08-18,600893,49.74,50.93,51.66,49.43,294358,1507811312.0,4.42,0.99,0.5,1.51
2020-08-19,600893,50.42,47.33,50.83,47.04,354484,1734314176.0,7.44,-7.07,-3.6,1.82
2020-08-20,600893,46.43,46.04,48.12,45.45,338792,1589408240.0,5.64,-2.73,-1.29,1.74
2020-08-21,600893,46.6,45.43,47.35,45.02,303155,1409290128.0,5.06,-1.32,-0.61,1.56
2020-08-24,600893,46.07,45.94,47.2,45.64,252894,1184509376.0,3.43,1.12,0.51,1.3
2020-08-25,600893,46.09,43.25,46.4,41.29,661296,2887225472.0,11.12,-5.86,-2.69,3.4
2020-08-26,600893,43.43,40.47,44.27,40.23,617781,2601800272.0,9.34,-6.43,-2.78,3.17
2020-08-27,600893,41.08,41.22,41.47,39.84,378847,1569766912.0,4.03,1.85,0.75,1.95
2020-08-28,600893,41.92,43.32,43.93,41.03,477837,2052931984.0,7.04,5.09,2.1,2.45
2020-08-31,600893,43.63,44.07,45.73,42.96,512468,2306709568.0,6.39,1.73,0.75,2.63
2020-09-01,600893,44.48,43.86,45.07,43.34,324843,1455636048.0,3.93,-0.48,-0.21,1.67
2020-09-02,600893,45.07,42.43,45.08,42.26,341882,1499767840.0,6.43,-3.26,-1.43,1.76
2020-09-03,600893,41.61,42.93,43.7,41.19,301939,1295853424.0,5.92,1.18,0.5,1.55
2020-09-04,600893,41.96,42.3,42.9,41.68,172389,737150864.0,2.84,-1.47,-0.63,0.89
2020-09-07,600893,42.52,40.42,42.69,40.2,245423,1027300416.0,5.89,-4.44,-1.88,1.26
2020-09-08,600893,40.93,39.71,41.02,38.95,286020,1155013616.0,5.12,-1.76,-0.71,1.47
2020-09-09,600893,39.23,39.35,40.67,38.73,329948,1329502672.0,4.89,-0.91,-0.36,1.69
2020-09-10,600893,39.44,39.73,41.42,39.43,309163,1264483168.0,5.06,0.97,0.38,1.59
2020-09-11,600893,39.46,40.18,40.28,38.71,191866,769134256.0,3.95,1.13,0.45,0.99
2020-09-14,600893,40.68,39.36,40.81,38.51,242531,968792000.0,5.72,-2.04,-0.82,1.25
2020-09-15,600893,39.54,39.68,40.68,39.26,171250,691517904.0,3.61,0.81,0.32,0.88
2020-09-16,600893,39.68,38.83,39.93,38.72,151737,603242784.0,3.05,-2.14,-0.85,0.78
2020-09-17,600893,39.13,40.28,41.63,38.47,257338,1046897584.0,8.14,3.73,1.45,1.32
2020-09-18,600893,40.33,41.0,41.54,40.29,311844,1296259136.0,3.1,1.79,0.72,1.6
2020-09-21,600893,41.37,41.55,42.8,41.01,365902,1558342096.0,4.37,1.34,0.55,1.88
2020-09-22,600893,40.41,39.96,40.68,39.19,211005,852066032.0,3.59,-3.83,-1.59,1.08
2020-09-23,600893,39.83,39.51,40.06,38.87,192555,770690848.0,2.98,-1.13,-0.45,0.99
2020-09-24,600893,39.1,38.77,39.5,38.54,137039,542288784.0,2.43,-1.87,-0.74,0.7
2020-09-25,600893,39.03,37.94,39.16,37.66,155436,603463408.0,3.87,-2.14,-0.83,0.8
2020-09-28,600893,38.31,37.95,38.55,37.57,174477,674284704.0,2.58,0.03,0.01,0.83
2020-09-29,600893,38.34,40.43,41.34,38.34,345036,1406636240.0,7.91,6.53,2.48,1.64
2020-09-30,600893,40.83,40.68,40.93,39.83,165320,677262224.0,2.72,0.62,0.25,0.78
2020-10-09,600893,41.26,41.19,41.73,40.18,209943,872488640.0,3.81,1.25,0.51,1.0
2020-10-12,600893,41.95,42.89,43.23,41.04,426896,1831192496.0,5.32,4.13,1.7,2.02
2020-10-13,600893,42.43,42.53,42.91,41.78,188858,810440864.0,2.63,-0.84,-0.36,0.9
2020-10-14,600893,42.44,41.63,43.81,41.3,215098,921935440.0,5.9,-2.12,-0.9,1.02
2020-10-15,600893,41.43,40.76,42.06,40.76,141709,593841440.0,3.12,-2.09,-0.87,0.67
2020-10-16,600893,40.63,39.3,41.08,39.1,203232,821058784.0,4.86,-3.58,-1.46,0.96
2020-10-19,600893,39.42,38.93,39.77,38.78,147136,586062256.0,2.52,-0.94,-0.37,0.7
2020-10-20,600893,39.03,39.13,39.21,37.78,173416,676967648.0,3.67,0.51,0.2,0.82
2020-10-21,600893,39.14,36.48,39.22,36.33,258339,979503584.0,7.39,-6.77,-2.65,1.23
2020-10-22,600893,36.25,36.26,36.67,35.51,143906,528455712.0,3.18,-0.6,-0.22,0.68
2020-10-23,600893,36.45,35.27,37.03,34.98,173442,633470496.0,5.65,-2.73,-0.99,0.82
2020-10-26,600893,35.24,35.48,36.03,34.79,88571,318750640.0,3.52,0.6,0.21,0.42
2020-10-27,600893,35.56,35.89,36.18,35.23,131528,477496912.0,2.68,1.16,0.41,0.62
2020-10-28,600893,35.88,35.49,35.88,34.76,128808,461355712.0,3.12,-1.11,-0.4,0.61
2020-10-29,600893,34.93,35.88,36.08,34.54,122852,442920560.0,4.34,1.1,0.39,0.58
2020-10-30,600893,37.63,35.97,38.53,35.79,355644,1342283984.0,7.64,0.25,0.09,1.69
2020-11-02,600893,36.33,35.36,36.48,33.93,312533,1108849552.0,7.09,-1.7,-0.61,1.48
2020-11-03,600893,35.58,37.83,38.0,35.16,349095,1315074112.0,8.03,6.99,2.47,1.66
2020-11-04,600893,37.78,38.36,38.68,37.27,269209,1043234512.0,3.73,1.4,0.53,1.28
2020-11-05,600893,38.13,37.95,38.58,36.34,277481,1054809600.0,5.84,-1.07,-0.41,1.32
2020-11-06,600893,37.78,37.2,38.04,36.93,139225,527764288.0,2.92,-1.98,-0.75,0.66
2020-11-09,600893,37.13,37.65,37.69,36.03,321254,1206218736.0,4.46,1.21,0.45,1.52
2020-11-10,600893,37.43,36.41,37.54,36.23,176876,661842656.0,3.48,-3.29,-1.24,0.84
2020-11-11,600893,36.72,35.85,37.5,35.58,185378,686796432.0,5.27,-1.54,-0.56,0.88
2020-11-12,600893,35.66,35.84,36.35,35.31,101089,367941888.0,2.9,-0.03,-0.01,0.48
2020-11-13,600893,35.75,37.77,37.9,35.53,261645,987272896.0,6.61,5.39,1.93,1.24
2020-11-16,600893,37.77,38.12,38.53,37.49,187306,722809632.0,2.75,0.93,0.35,0.89
2020-11-17,600893,38.1,36.09,38.18,35.83,248978,925164576.0,6.16,-5.33,-2.03,1.18
2020-11-18,600893,36.23,37.48,38.08,35.93,220203,830082576.0,5.96,3.85,1.39,1.04
2020-11-19,600893,37.64,40.43,41.1,37.34,553585,2216361872.0,10.03,7.87,2.95,2.63
2020-11-20,600893,40.43,41.37,42.38,40.43,559150,2350506816.0,4.82,2.33,0.94,2.65
2020-11-23,600893,42.18,41.71,42.58,40.5,447704,1898467936.0,5.03,0.82,0.34,2.12
2020-11-24,600893,41.71,42.89,44.03,41.66,382136,1661954736.0,5.68,2.83,1.18,1.81
2020-11-25,600893,42.43,41.01,43.2,40.73,360140,1525480032.0,5.76,-4.38,-1.88,1.71
2020-11-26,600893,41.04,42.34,43.31,40.59,361459,1534867984.0,6.63,3.24,1.33,1.71
2020-11-27,600893,42.39,44.43,45.86,41.66,506552,2255051312.0,9.92,4.94,2.09,2.4
2020-11-30,600893,44.23,44.75,45.86,43.63,366821,1661600864.0,5.02,0.72,0.32,1.74
2020-12-01,600893,45.2,47.43,48.22,44.77,411937,1945876848.0,7.71,5.99,2.68,1.95
2020-12-02,600893,46.77,46.85,48.21,46.43,303959,1452472432.0,3.75,-1.22,-0.58,1.44
2020-12-03,600893,46.33,45.73,46.93,45.23,283507,1317901040.0,3.63,-2.39,-1.12,1.34
2020-12-04,600893,45.78,47.43,47.76,44.8,341226,1602761760.0,6.47,3.72,1.7,1.62
2020-12-07,600893,47.33,47.13,48.74,47.13,308773,1494844272.0,3.39,-0.63,-0.3,1.46
2020-12-08,600893,46.87,46.42,47.7,45.76,261071,1232658448.0,4.12,-1.51,-0.71,1.24
2020-12-09,600893,46.33,44.33,46.72,44.23,328879,1514069760.0,5.36,-4.5,-2.09,1.56
2020-12-10,600893,43.93,44.48,45.12,43.54,263323,1185456208.0,3.56,0.34,0.15,1.25
2020-12-11,600893,44.71,43.58,44.91,42.95,305661,1349277840.0,4.41,-2.02,-0.9,1.45
2020-12-14,600893,43.86,45.18,45.73,43.24,317667,1446948592.0,5.71,3.67,1.6,1.51
2020-12-15,600893,44.92,45.0,46.3,44.33,251266,1150397648.0,4.36,-0.4,-0.18,1.19
2020-12-16,600893,44.77,45.28,46.01,44.38,213633,977670496.0,3.62,0.62,0.28,1.01
2020-12-17,600893,45.23,43.45,45.31,42.31,434161,1907839440.0,6.63,-4.04,-1.83,2.06
2020-12-18,600893,43.77,43.2,44.56,43.12,253249,1123717984.0,3.31,-0.58,-0.25,1.2
2020-12-21,600893,42.83,46.16,46.73,42.83,431261,1970358688.0,9.03,6.85,2.96,2.05
2020-12-22,600893,45.92,45.31,46.97,45.17,362223,1689586160.0,3.9,-1.84,-0.85,1.72
2020-12-23,600893,45.81,49.9,49.9,45.52,600619,2916942496.0,9.67,10.13,4.59,2.85
2020-12-24,600893,50.43,49.88,52.7,49.54,686411,3538824560.0,6.33,-0.04,-0.02,3.26
2020-12-25,600893,50.42,51.36,51.93,48.58,372064,1895434864.0,6.72,2.97,1.48,1.76
2020-12-28,600893,51.53,52.43,53.1,50.59,394300,2065348352.0,4.89,2.08,1.07,1.87
2020-12-29,600893,52.18,50.75,52.88,50.46,336444,1750826912.0,4.62,-3.2,-1.68,1.6
2020-12-30,600893,50.04,53.73,55.08,49.91,492163,2627389600.0,10.19,5.87,2.98,2.33
2020-12-31,600893,54.15,58.78,59.16,53.65,644213,3682400480.0,10.25,9.4,5.05,3.06
2021-01-04,600893,60.13,64.72,64.72,59.31,666837,4212636064.0,9.2,10.11,5.94,3.16
2021-01-05,600893,64.73,66.73,69.41,63.43,712342,4749540864.0,9.24,3.11,2.01,3.38
2021-01-06,600893,66.18,67.93,71.33,65.08,652972,4516858368.0,9.37,1.8,1.2,3.1
2021-01-07,600893,67.95,74.77,74.78,67.1,832658,6050978560.0,11.31,10.07,6.84,3.95
2021-01-08,600893,74.43,73.65,75.96,70.27,770366,5644379904.0,7.61,-1.5,-1.12,3.65
2021-01-11,600893,76.23,68.98,77.23,68.12,941806,6943593216.0,12.37,-6.34,-4.67,4.47
2021-01-12,600893,69.05,74.23,75.31,69.05,825765,6037890304.0,9.08,7.61,5.25,3.92
2021-01-13,600893,75.43,77.33,80.19,72.54,884965,6831555328.0,10.31,4.18,3.1,4.2
2021-01-14,600893,74.93,69.54,75.56,69.54,1033680,7425849344.0,7.78,-10.07,-7.79,4.9
2021-01-15,600893,68.14,66.33,69.58,63.13,991612,6618109440.0,9.28,-4.62,-3.21,4.7
2021-01-18,600893,66.27,67.45,68.25,65.88,578842,3927224928.0,3.57,1.69,1.12,2.75
2021-01-19,600893,66.13,66.23,68.97,64.33,593917,3965628000.0,6.88,-1.81,-1.22,2.82
2021-01-20,600893,65.99,70.33,70.93,64.73,766314,5277414400.0,9.36,6.19,4.1,3.64
2021-01-21,600893,69.32,72.51,74.67,68.68,708001,5137081088.0,8.52,3.1,2.18,3.36
2021-01-22,600893,72.13,74.9,75.34,71.76,636217,4741221632.0,4.94,3.3,2.39,3.02
2021-01-25,600893,76.23,74.08,79.44,72.36,902985,6937328384.0,9.45,-1.09,-0.82,4.28
2021-01-26,600893,72.53,66.62,72.93,66.62,1029235,7119584000.0,8.52,-10.07,-7.46,4.88
2021-01-27,600893,64.93,64.61,65.9,62.64,730761,4736238336.0,4.89,-3.02,-2.01,3.47
2021-01-28,600893,63.08,61.63,64.49,60.83,611410,3858704288.0,5.66,-4.61,-2.98,2.9
2021-01-29,600893,62.43,59.02,62.53,56.68,681520,4090702368.0,9.49,-4.23,-2.61,3.23
2021-02-01,600893,59.62,59.23,60.32,58.41,375646,2251755312.0,3.24,0.36,0.21,1.78
2021-02-02,600893,59.33,60.42,61.03,57.43,548879,3300003808.0,6.08,2.01,1.19,2.6
2021-02-03,600893,60.43,58.02,60.81,57.44,429446,2552619216.0,5.58,-3.97,-2.4,2.04
2021-02-04,600893,56.62,56.76,58.99,56.32,365953,2116817616.0,4.6,-2.17,-1.26,1.74
2021-02-05,600893,58.02,55.32,58.8,55.31,346764,1994588464.0,6.15,-2.54,-1.44,1.64
2021-02-08,600893,55.93,57.08,57.43,55.12,371461,2125433392.0,4.18,3.18,1.76,1.76
2021-02-09,600893,57.31,62.85,62.85,57.18,552195,3373276304.0,9.93,10.11,5.77,2.62
2021-02-10,600893,64.42,64.34,64.62,61.03,626372,4003140256.0,5.71,2.37,1.49,2.97
2021-02-18,600893,65.18,62.56,66.13,62.21,587228,3768127920.0,6.09,-2.77,-1.78,2.79
2021-02-19,600893,61.97,62.81,63.71,61.19,336692,2120739376.0,4.03,0.4,0.25,1.6
2021-02-22,600893,62.76,57.49,62.76,56.93,600469,3638767616.0,9.28,-8.47,-5.32,2.85
2021-02-23,600893,56.23,59.79,61.21,55.54,537766,3216650176.0,9.86,4.0,2.3,2.55
2021-02-24,600893,60.93,61.17,62.01,58.83,513514,3143448880.0,5.32,2.31,1.38,2.44
2021-02-25,600893,61.15,63.66,64.87,59.73,640579,4066641248.0,8.4,4.07,2.49,3.04
2021-02-26,600893,61.66,59.61,63.93,58.73,532651,3273211104.0,8.17,-6.36,-4.05,2.53
2021-03-01,600893,60.02,62.28,62.3,58.14,397602,2425259920.0,6.98,4.48,2.67,1.89
2021-03-02,600893,62.8,65.51,66.32,61.34,669471,4295520000.0,8.0,5.19,3.23,3.18
2021-03-03,600893,63.93,65.28,66.13,63.63,462742,3026796336.0,3.82,-0.35,-0.23,2.2
2021-03-04,600893,64.63,64.21,68.11,63.68,589318,3912200096.0,6.79,-1.64,-1.07,2.8
2021-03-05,600893,62.35,58.7,62.38,58.43,596075,3613482928.0,6.15,-8.58,-5.51,2.83
2021-03-08,600893,57.8,52.77,59.02,52.77,759750,4214697136.0,10.65,-10.1,-5.93,3.6
2021-03-09,600893,50.46,47.68,51.22,47.44,739442,3639337056.0,7.16,-9.65,-5.09,3.51
2021-03-10,600893,48.43,47.91,48.73,47.43,368012,1788132480.0,2.73,0.48,0.23,1.75
2021-03-11,600893,47.58,48.78,49.6,47.01,379754,1868499152.0,5.41,1.82,0.87,1.8
2021-03-12,600893,48.93,47.64,48.98,46.71,348312,1679267680.0,4.65,-2.34,-1.14,1.65
2021-03-15,600893,47.43,46.59,48.58,46.03,306488,1466538000.0,5.35,-2.2,-1.05,1.45
2021-03-16,600893,47.38,45.91,47.43,45.49,236709,1106192400.0,4.16,-1.46,-0.68,1.12
2021-03-17,600893,46.16,46.74,47.23,45.92,273629,1291616352.0,2.85,1.81,0.83,1.3
2021-03-18,600893,46.66,47.53,48.63,46.43,339299,1633941840.0,4.71,1.69,0.79,1.61
2021-03-19,600893,46.43,48.05,49.38,46.0,464101,2252865232.0,7.11,1.09,0.52,2.2
2021-03-22,600893,47.43,47.36,48.19,46.52,255838,1223768048.0,3.48,-1.44,-0.69,1.21
2021-03-23,600893,47.08,46.81,48.17,46.71,231668,1106605136.0,3.08,-1.16,-0.55,1.1
2021-03-24,600893,46.3,43.98,47.2,43.5,445174,2010958704.0,7.9,-6.05,-2.83,2.11
2021-03-25,600893,43.61,44.82,45.38,43.6,253815,1148356368.0,4.05,1.91,0.84,1.2
2021-03-26,600893,44.82,46.19,46.23,44.82,228093,1054995744.0,3.15,3.06,1.37,1.08
2021-03-29,600893,46.57,47.18,48.43,46.45,340106,1632874752.0,4.29,2.14,0.99,1.61
2021-03-30,600893,47.57,50.08,51.71,47.49,600496,3029135968.0,8.94,6.15,2.9,2.85
2021-03-31,600893,48.03,45.02,48.03,45.02,647125,2996916400.0,6.01,-10.1,-5.06,3.07
2021-04-01,600893,44.13,44.57,45.15,43.98,333954,1505477104.0,2.6,-1.0,-0.45,1.58
2021-04-02,600893,44.61,45.22,45.73,44.39,292884,1336479616.0,3.01,1.46,0.65,1.39
2021-04-06,600893,45.42,45.63,46.05,45.23,229687,1062078896.0,1.81,0.91,0.41,1.09
2021-04-07,600893,45.64,45.03,45.71,44.74,180856,825705168.0,2.13,-1.31,-0.6,0.86
2021-04-08,600893,44.97,44.88,45.58,44.45,164602,749867440.0,2.51,-0.33,-0.15,0.78
2021-04-09,600893,45.27,43.51,45.78,43.09,318904,1421749408.0,5.99,-3.05,-1.37,1.51
2021-04-12,600893,42.93,41.21,43.39,40.88,437300,1850677072.0,5.77,-5.29,-2.3,2.07
2021-04-13,600893,40.92,40.93,41.61,40.59,197199,820847936.0,2.48,-0.68,-0.28,0.94
2021-04-14,600893,40.92,41.8,41.88,40.59,220117,921775552.0,3.15,2.13,0.87,1.04
2021-04-15,600893,41.63,41.49,41.73,40.97,150190,629187968.0,1.82,-0.74,-0.31,0.71
2021-04-16,600893,41.73,41.28,41.93,40.83,175075,732352656.0,2.65,-0.51,-0.21,0.83
2021-04-19,600893,41.23,42.48,42.73,40.77,306412,1304956608.0,4.75,2.91,1.2,1.45
2021-04-20,600893,42.23,42.69,43.32,41.95,329466,1424023424.0,3.23,0.49,0.21,1.56
2021-04-21,600893,42.63,42.11,43.32,41.64,323053,1386110992.0,3.94,-1.36,-0.58,1.53
2021-04-22,600893,42.14,42.41,43.39,42.14,322028,1391032992.0,2.97,0.71,0.3,1.53
2021-04-23,600893,42.13,41.99,42.91,41.51,302396,1291275920.0,3.3,-0.99,-0.42,1.43
2021-04-26,600893,42.07,42.36,44.16,42.0,453773,1977096816.0,5.14,0.88,0.37,2.15
2021-04-27,600893,42.08,40.69,42.18,40.27,315947,1311170752.0,4.51,-3.94,-1.67,1.5
2021-04-28,600893,40.39,41.62,41.64,40.32,228232,951676576.0,3.24,2.29,0.93,1.08
2021-04-29,600893,41.76,41.38,42.85,41.24,291836,1236220464.0,3.87,-0.58,-0.24,1.38
2021-04-30,600893,39.43,37.32,39.43,37.19,795176,3048567808.0,5.41,-9.81,-4.06,3.77
2021-05-06,600893,37.28,38.8,39.4,37.09,523645,2038018896.0,6.19,3.97,1.48,2.48
2021-05-07,600893,38.61,37.94,38.88,37.92,215874,839312976.0,2.47,-2.22,-0.86,1.02
2021-05-10,600893,37.95,37.23,38.03,36.75,222623,838313792.0,3.37,-1.87,-0.71,1.06
2021-05-11,600893,37.43,38.86,39.65,37.21,421917,1646675968.0,6.55,4.38,1.63,2.0
2021-05-12,600893,38.43,39.09,39.16,38.25,206137,808249936.0,2.34,0.59,0.23,0.98
2021-05-13,600893,38.66,38.58,40.48,38.51,329894,1319391808.0,5.04,-1.3,-0.51,1.56
2021-05-14,600893,38.88,41.33,41.38,38.19,548772,2238177056.0,8.27,7.13,2.75,2.6
2021-05-17,600893,41.58,40.9,42.5,40.56,484189,2025630640.0,4.69,-1.04,-0.43,2.3
2021-05-18,600893,40.83,43.27,43.98,40.48,615839,2660151408.0,8.56,5.79,2.37,2.92
2021-05-19,600893,42.87,43.03,43.36,42.33,409567,1777508608.0,2.38,-0.55,-0.24,1.94
2021-05-20,600893,42.83,42.61,44.0,42.53,414357,1814437744.0,3.42,-0.98,-0.42,1.97
2021-05-21,600893,42.64,41.52,42.93,41.39,319080,1350483888.0,3.61,-2.56,-1.09,1.51
2021-05-24,600893,41.43,41.78,42.27,41.31,204975,868843088.0,2.31,0.63,0.26,0.97
2021-05-25,600893,42.12,46.02,46.02,41.48,840819,3826360368.0,10.87,10.15,4.24,3.99
2021-05-26,600893,47.23,48.13,48.88,46.63,1031979,5003236352.0,4.89,4.58,2.11,4.9
2021-05-27,600893,47.98,48.27,49.31,47.33,513874,2507586992.0,4.11,0.29,0.14,2.44
2021-05-28,600893,47.78,50.22,50.55,47.33,674185,3348485440.0,6.67,4.04,1.95,3.2
2021-05-31,600893,50.58,53.42,53.65,49.28,827354,4322923520.0,8.7,6.37,3.2,3.92
2021-06-01,600893,53.4,52.49,54.73,52.03,718910,3868675600.0,5.05,-1.74,-0.93,3.41
2021-06-02,600893,52.03,51.53,53.97,51.03,585469,3091178448.0,5.6,-1.83,-0.96,2.78
2021-06-03,600893,51.24,49.73,51.97,49.31,560187,2859246416.0,5.16,-3.49,-1.8,2.66
2021-06-04,600893,49.57,50.56,51.3,49.3,518651,2639659072.0,4.02,1.67,0.83,2.46
2021-06-07,600893,50.94,51.43,52.83,50.43,541250,2817929504.0,4.75,1.72,0.87,2.57
2021-06-08,600893,50.93,54.53,54.93,50.44,681270,3613286368.0,8.73,6.03,3.1,3.23
2021-06-09,600893,55.93,55.19,57.06,54.58,728250,4107798496.0,4.55,1.21,0.66,3.45
2021-06-10,600893,55.03,55.42,56.29,54.22,608967,3393493936.0,3.75,0.42,0.23,2.89
2021-06-11,600893,55.42,51.35,55.91,50.03,999047,5301334784.0,10.61,-7.34,-4.07,4.74
2021-06-15,600893,50.38,51.06,52.09,49.63,493036,2548260624.0,4.79,-0.56,-0.29,2.34
2021-06-16,600893,50.63,49.86,51.39,47.63,588871,2955491264.0,7.36,-2.35,-1.2,2.79
2021-06-17,600893,49.96,50.24,51.13,49.01,412745,2091125696.0,4.25,0.76,0.38,1.96
2021-06-18,600893,50.67,53.42,54.23,50.03,684321,3631614304.0,8.36,6.33,3.18,3.25
2021-06-21,600893,53.7,55.75,55.97,53.03,700561,3853693088.0,5.5,4.36,2.33,3.32
2021-06-22,600893,55.75,54.45,55.75,53.68,515632,2846594528.0,3.71,-2.33,-1.3,2.45
2021-06-23,600893,53.65,54.03,55.0,52.63,487632,2642584944.0,4.35,-0.77,-0.42,2.31
2021-06-24,600893,54.11,51.96,55.21,51.94,441546,2376151200.0,6.05,-3.83,-2.07,2.09
2021-06-25,600893,51.56,52.18,53.28,50.42,449863,2363438688.0,5.5,0.42,0.22,2.13
2021-06-28,600893,52.56,53.11,53.97,51.48,423609,2254718864.0,4.77,1.78,0.93,2.01
2021-06-29,600893,52.74,51.92,54.06,51.75,435918,2329140224.0,4.35,-2.24,-1.19,2.07
2021-06-30,600893,51.45,52.75,52.76,50.73,375506,1961494272.0,3.91,1.6,0.83,1.78
2021-07-01,600893,53.57,49.36,54.04,49.36,609136,3127170880.0,8.87,-6.43,-3.39,2.89
2021-07-02,600893,48.55,45.92,48.55,45.91,570683,2690023728.0,5.35,-6.97,-3.44,2.71
2021-07-05,600893,45.19,45.17,46.4,44.94,323022,1483744336.0,3.18,-1.63,-0.75,1.53
2021-07-06,600893,45.06,45.54,45.61,44.44,331331,1506529056.0,2.59,0.82,0.37,1.57
2021-07-07,600893,45.06,47.8,48.52,44.86,478946,2276733728.0,8.04,4.96,2.26,2.27
2021-07-08,600893,47.59,50.59,51.56,47.36,609728,3085688960.0,8.79,5.84,2.79,2.89
2021-07-09,600893,50.59,50.09,51.36,49.54,480511,2433586944.0,3.6,-0.99,-0.5,2.28
2021-07-12,600893,50.16,51.06,52.62,48.9,513220,2639169552.0,7.43,1.94,0.97,2.43
2021-07-13,600893,50.84,50.74,51.86,50.02,313648,1599178816.0,3.6,-0.63,-0.32,1.49
2021-07-14,600893,50.14,48.29,50.44,48.26,451056,2225548320.0,4.3,-4.83,-2.45,2.14
2021-07-15,600893,48.06,48.73,49.74,47.93,270979,1333332864.0,3.75,0.91,0.44,1.29
2021-07-16,600893,48.8,53.65,53.65,48.41,785256,4153049584.0,10.75,10.1,4.92,3.72
2021-07-19,600893,55.46,54.31,55.89,53.1,962199,5271163136.0,5.2,1.23,0.66,4.56
2021-07-20,600893,53.76,55.49,56.12,53.54,792665,4397552896.0,4.75,2.17,1.18,3.76
2021-07-21,600893,54.56,57.76,58.16,54.53,874407,4978856960.0,6.54,4.09,2.27,4.15
2021-07-22,600893,57.54,57.98,58.86,56.24,656846,3800324400.0,4.54,0.38,0.22,3.12
2021-07-23,600893,57.88,60.26,62.54,55.99,965142,5704727552.0,11.3,3.93,2.28,4.58
2021-07-26,600893,60.55,58.46,63.57,58.06,995003,6108068864.0,9.14,-2.99,-1.8,4.72
2021-07-27,600893,57.39,56.74,60.37,55.64,928942,5424036096.0,8.09,-2.94,-1.72,4.41
2021-07-28,600893,55.56,52.16,56.2,51.53,689522,3690129376.0,8.23,-8.07,-4.58,3.27
2021-07-29,600893,53.62,54.65,55.7,52.78,629395,3445818640.0,5.6,4.77,2.49,2.99
2021-07-30,600893,54.57,54.41,56.36,53.36,539370,2973980272.0,5.49,-0.44,-0.24,2.56
2021-08-02,600893,55.06,58.51,59.58,53.63,768970,4444473344.0,10.94,7.54,4.1,3.65
2021-08-03,600893,58.46,57.15,60.24,52.62,596257,3472122736.0,13.02,-2.32,-1.36,2.83
2021-08-04,600893,57.05,60.09,60.66,56.88,652888,3905188256.0,6.61,5.14,2.94,3.1
2021-08-05,600893,60.42,62.51,64.73,60.06,931487,5891454464.0,7.77,4.03,2.42,4.42
2021-08-06,600893,62.45,63.49,64.1,60.62,646569,4080066112.0,5.57,1.57,0.98,3.07
2021-08-09,600893,63.56,63.29,65.35,61.66,502554,3221573296.0,5.81,-0.32,-0.2,2.38
2021-08-10,600893,62.56,66.76,69.27,62.47,827853,5542082560.0,10.74,5.48,3.47,3.93
2021-08-11,600893,66.06,66.84,69.25,65.59,587628,3985484928.0,5.48,0.12,0.08,2.79
2021-08-12,600893,66.22,62.06,66.79,62.06,783153,5009449728.0,7.08,-7.15,-4.78,3.71
2021-08-13,600893,61.87,62.06,64.02,60.47,668277,4204423824.0,5.72,0.0,0.0,3.17
2021-08-16,600893,61.58,61.22,62.95,60.67,387749,2408593856.0,3.67,-1.35,-0.84,1.84
2021-08-17,600893,61.24,59.91,63.05,59.22,630956,3906896000.0,6.26,-2.14,-1.31,2.99
2021-08-18,600893,59.56,62.76,63.06,59.56,604650,3776637584.0,5.84,4.76,2.85,2.87
2021-08-19,600893,62.66,64.51,65.57,61.78,579773,3737337664.0,6.04,2.79,1.75,2.75
2021-08-20,600893,63.66,62.56,65.06,62.4,435866,2780862544.0,4.12,-3.02,-1.95,2.07
2021-08-23,600893,63.19,65.67,67.39,62.8,610012,4029787424.0,7.34,4.97,3.11,2.89
2021-08-24,600893,63.56,67.05,67.78,62.74,674511,4432989184.0,7.67,2.1,1.38,3.2
2021-08-25,600893,66.37,65.92,67.32,64.58,376256,2483592768.0,4.09,-1.69,-1.13,1.78
2021-08-26,600893,65.36,65.06,67.78,65.04,458573,3061875248.0,4.16,-1.3,-0.86,2.18
2021-08-27,600893,64.56,62.36,64.56,61.36,551102,3473502496.0,4.92,-4.15,-2.7,2.61
2021-08-30,600893,65.02,68.01,68.64,64.68,1160753,7910648320.0,6.35,9.06,5.65,5.51
2021-08-31,600893,68.01,67.64,70.06,66.11,832529,5707645952.0,5.81,-0.54,-0.37,3.95
2021-09-01,600893,68.65,62.7,69.36,60.83,883195,5626793984.0,12.61,-7.3,-4.94,4.19
2021-09-02,600893,61.36,62.67,63.36,60.87,399489,2507951856.0,3.97,-0.05,-0.03,1.89
2021-09-03,600893,61.56,58.51,62.63,56.79,693064,4126586464.0,9.32,-6.64,-4.16,3.29
2021-09-06,600893,58.06,59.25,59.25,57.28,341405,2007331472.0,3.37,1.26,0.74,1.62
2021-09-07,600893,59.19,59.74,61.17,58.36,378824,2287912160.0,4.74,0.83,0.49,1.8
2021-09-08,600893,60.56,59.07,61.16,58.41,295096,1770366544.0,4.6,-1.12,-0.67,1.4
2021-09-09,600893,58.93,61.48,62.08,57.78,497125,2995497536.0,7.28,4.08,2.41,2.36
2021-09-10,600893,61.32,59.9,61.32,59.76,364996,2213966080.0,2.54,-2.57,-1.58,1.73
2021-09-13,600893,59.86,58.18,60.39,57.94,305752,1805238752.0,4.09,-2.87,-1.72,1.45
2021-09-14,600893,58.16,56.48,59.35,56.33,368388,2139723584.0,5.19,-2.92,-1.7,1.75
2021-09-15,600893,56.19,56.92,57.61,54.54,365694,2069611568.0,5.44,0.78,0.44,1.73
2021-09-16,600893,56.85,54.15,57.31,54.06,315459,1766706432.0,5.71,-4.87,-2.77,1.5
2021-09-17,600893,54.15,52.23,55.06,50.83,443715,2348935744.0,7.81,-3.55,-1.92,2.1
2021-09-22,600893,51.56,53.12,54.34,51.14,307711,1649253104.0,6.13,1.7,0.89,1.46
2021-09-23,600893,53.15,54.64,54.82,53.15,332036,1817605424.0,3.14,2.86,1.52,1.58
2021-09-24,600893,54.17,53.43,54.54,52.98,246175,1334767696.0,2.86,-2.21,-1.21,1.17
2021-09-27,600893,53.06,52.73,54.46,51.67,276062,1469635504.0,5.22,-1.31,-0.7,1.19
2021-09-28,600893,52.57,54.5,55.11,52.52,378202,2056692688.0,4.91,3.36,1.77,1.62
2021-09-29,600893,54.18,52.56,55.21,51.72,314437,1682576384.0,6.4,-3.56,-1.94,1.35
2021-09-30,600893,53.06,52.75,53.71,52.27,190565,1017032496.0,2.74,0.36,0.19,0.82
2021-10-08,600893,52.96,50.85,53.22,49.96,297754,1543305904.0,6.18,-3.6,-1.9,1.28
2021-10-11,600893,50.85,53.09,55.36,50.84,474376,2561720672.0,8.89,4.41,2.24,2.04
2021-10-12,600893,52.96,51.56,52.99,51.22,239577,1252853312.0,3.33,-2.88,-1.53,1.03
2021-10-13,600893,50.56,51.63,51.98,49.26,295068,1499681616.0,5.28,0.14,0.07,1.27
2021-10-14,600893,51.47,53.15,53.76,51.11,339393,1814554624.0,5.13,2.94,1.52,1.46
2021-10-15,600893,53.13,53.2,54.11,52.56,233438,1255490512.0,2.92,0.09,0.05,1.0
2021-10-18,600893,53.2,55.15,55.76,52.91,372605,2050645024.0,5.36,3.67,1.95,1.6
2021-10-19,600893,54.57,54.5,54.96,53.56,238102,1302128304.0,2.54,-1.18,-0.65,1.02
2021-10-20,600893,54.53,55.0,55.51,53.96,272047,1504182176.0,2.84,0.92,0.5,1.17
2021-10-21,600893,54.56,53.73,54.65,53.25,226129,1227332000.0,2.55,-2.31,-1.27,0.97
2021-10-22,600893,53.71,53.68,54.4,52.94,181135,980656624.0,2.72,-0.09,-0.05,0.78
2021-10-25,600893,53.65,55.36,55.76,53.57,329889,1821615888.0,4.08,3.13,1.68,1.42
2021-10-26,600893,55.01,56.0,56.86,55.01,306086,1732399008.0,3.34,1.16,0.64,1.31
2021-10-27,600893,57.28,56.54,58.06,55.46,345210,1968539040.0,4.64,0.96,0.54,1.48
2021-10-28,600893,56.53,55.36,57.89,55.31,398505,2277931760.0,4.56,-2.09,-1.18,1.71
2021-10-29,600893,55.58,58.72,59.65,55.31,612795,3582477520.0,7.84,6.07,3.36,2.63
2021-11-01,600893,58.87,59.23,60.06,58.32,452998,2701419328.0,2.96,0.87,0.51,1.95
2021-11-02,600893,60.36,60.08,61.06,59.2,540605,3268015504.0,3.14,1.44,0.85,2.32
2021-11-03,600893,58.73,58.57,59.54,57.3,355411,2090252416.0,3.73,-2.51,-1.51,1.53
2021-11-04,600893,58.46,59.76,59.98,58.07,346727,2065906960.0,3.26,2.03,1.19,1.49
2021-11-05,600893,59.56,58.23,59.96,58.09,240802,1432753184.0,3.13,-2.56,-1.53,1.03
2021-11-08,600893,58.02,58.95,59.0,56.74,244602,1431085520.0,3.88,1.24,0.72,1.05
2021-11-09,600893,58.73,61.86,62.89,58.43,594287,3657722256.0,7.57,4.94,2.91,2.55
2021-11-10,600893,62.06,61.16,62.71,60.76,345042,2143292144.0,3.15,-1.13,-0.7,1.48
2021-11-11,600893,61.06,61.21,61.76,60.35,237741,1463639904.0,2.31,0.08,0.05,1.02
2021-11-12,600893,61.26,64.18,64.74,61.21,588667,3765848880.0,5.77,4.85,2.97,2.53
2021-11-15,600893,64.22,62.95,67.06,62.83,633052,4131167296.0,6.59,-1.92,-1.23,2.72
2021-11-16,600893,62.45,59.71,64.06,59.58,474053,2934425600.0,7.12,-5.15,-3.24,2.04
2021-11-17,600893,59.69,60.31,61.29,58.33,444426,2675911152.0,4.96,1.0,0.6,1.91
2021-11-18,600893,60.21,62.39,63.45,59.39,459219,2845150608.0,6.73,3.45,2.08,1.97
2021-11-19,600893,63.02,62.86,63.71,61.78,322088,2040338128.0,3.09,0.75,0.47,1.38
2021-11-22,600893,63.06,63.28,63.76,62.17,249638,1585765696.0,2.53,0.67,0.42,1.07
2021-11-23,600893,63.27,62.16,63.28,61.23,314853,1975499680.0,3.24,-1.77,-1.12,1.35
2021-11-24,600893,61.78,60.98,63.06,60.57,275920,1709313280.0,4.01,-1.9,-1.18,1.18
2021-11-25,600893,60.59,60.13,62.01,59.85,239787,1466120784.0,3.54,-1.39,-0.85,1.03
2021-11-26,600893,60.13,60.55,62.28,59.96,260065,1601724160.0,3.86,0.7,0.42,1.12
2021-11-29,600893,59.96,63.24,64.17,59.84,500461,3168125008.0,7.15,4.44,2.69,2.15
2021-11-30,600893,63.25,63.9,65.06,62.89,427623,2757030528.0,3.43,1.04,0.66,1.84
2021-12-01,600893,63.56,64.26,64.54,62.96,258612,1660339184.0,2.47,0.56,0.36,1.11
2021-12-02,600893,64.44,64.64,64.96,63.28,280790,1816062016.0,2.61,0.59,0.38,1.21
2021-12-03,600893,64.64,65.16,66.09,64.22,358137,2349785872.0,2.89,0.8,0.52,1.54
2021-12-06,600893,65.17,64.36,65.83,63.36,258921,1687600432.0,3.79,-1.23,-0.8,1.11
2021-12-07,600893,64.2,61.26,64.55,60.38,429436,2680545088.0,6.48,-4.82,-3.1,1.84
2021-12-08,600893,61.51,63.07,63.22,61.41,250580,1576175392.0,2.95,2.95,1.81,1.08
2021-12-09,600893,62.89,62.32,63.45,61.71,206222,1294571488.0,2.76,-1.19,-0.75,0.89
2021-12-10,600893,61.84,61.55,62.31,60.57,242414,1502262320.0,2.79,-1.24,-0.77,1.04
2021-12-13,600893,61.27,61.96,62.73,59.88,277767,1716055088.0,4.63,0.67,0.41,1.19
2021-12-14,600893,61.56,64.34,65.28,61.24,398512,2572848016.0,6.52,3.84,2.38,1.71
2021-12-15,600893,64.25,63.87,64.78,63.36,219241,1414172720.0,2.21,-0.73,-0.47,0.94
2021-12-16,600893,63.88,64.78,66.04,63.61,259494,1695932496.0,3.8,1.42,0.91,1.11
2021-12-17,600893,65.14,63.46,65.6,63.28,256403,1658757040.0,3.58,-2.04,-1.32,1.1
2021-12-20,600893,62.37,61.26,64.59,61.04,238195,1499070128.0,5.59,-3.47,-2.2,1.02
2021-12-21,600893,62.33,61.87,62.44,60.17,208041,1282730208.0,3.71,1.0,0.61,0.89
2021-12-22,600893,62.05,61.31,62.39,60.86,187526,1163199984.0,2.47,-0.91,-0.56,0.81
2021-12-23,600893,61.27,61.78,63.03,60.54,233841,1458888176.0,4.06,0.77,0.47,1.0
2021-12-24,600893,61.6,60.45,62.22,60.36,199357,1222747456.0,3.01,-2.15,-1.33,0.86
2021-12-27,600893,60.36,59.94,60.85,59.56,154526,936423616.0,2.13,-0.84,-0.51,0.66
2021-12-28,600893,59.98,59.63,60.23,58.2,272329,1624343120.0,3.39,-0.52,-0.31,1.17
2021-12-29,600893,59.63,59.82,60.9,59.63,228168,1382753968.0,2.13,0.32,0.19,0.98
2021-12-30,600893,59.86,62.64,64.05,59.49,537216,3386535680.0,7.62,4.71,2.82,2.31
2021-12-31,600893,62.66,63.02,63.44,62.11,265122,1679095056.0,2.12,0.61,0.38,1.14
2022-01-04,600893,63.27,63.11,64.04,62.64,265368,1693318288.0,2.22,0.14,0.09,1.14
2022-01-05,600893,63.0,59.34,63.48,58.66,399236,2423537632.0,7.64,-5.97,-3.77,1.71
2022-01-06,600893,58.76,57.86,59.75,56.76,299851,1748766416.0,5.04,-2.49,-1.48,1.29
2022-01-07,600893,57.86,55.74,58.33,55.56,276455,1577132960.0,4.79,-3.66,-2.12,1.19
2022-01-10,600893,55.06,55.15,55.66,54.3,232370,1290359504.0,2.44,-1.06,-0.59,1.0
2022-01-11,600893,55.53,52.31,55.73,52.0,396040,2124862304.0,6.76,-5.15,-2.84,1.7
2022-01-12,600893,52.71,54.02,54.24,52.47,252482,1359382528.0,3.38,3.27,1.71,1.08
2022-01-13,600893,54.03,52.76,54.08,52.45,172912,926403872.0,3.02,-2.33,-1.26,0.74
2022-01-14,600893,52.85,52.36,53.71,52.26,172128,917126208.0,2.75,-0.76,-0.4,0.74
2022-01-17,600893,52.06,53.06,53.37,51.46,226324,1198767088.0,3.65,1.34,0.7,0.97
2022-01-18,600893,52.86,53.31,54.49,52.44,221583,1192110992.0,3.86,0.47,0.25,0.95
2022-01-19,600893,53.26,51.56,53.27,50.64,252714,1319498192.0,4.93,-3.28,-1.75,1.09
2022-01-20,600893,51.56,50.32,51.84,49.87,308342,1570497808.0,3.82,-2.4,-1.24,1.32
2022-01-21,600893,49.51,49.79,50.05,48.22,402151,1990813856.0,3.64,-1.05,-0.53,1.73
2022-01-24,600893,49.62,49.71,50.41,49.16,186112,934545216.0,2.51,-0.16,-0.08,0.8
2022-01-25,600893,50.05,48.56,51.25,48.49,232501,1169396000.0,5.55,-2.31,-1.15,1.0
2022-01-26,600893,48.57,49.94,50.06,48.57,234114,1171464208.0,3.07,2.84,1.38,1.01
2022-01-27,600893,49.62,48.43,50.03,48.36,163482,810640928.0,3.34,-3.02,-1.51,0.7
2022-01-28,600893,48.77,47.74,49.46,47.14,201214,983838608.0,4.79,-1.42,-0.69,0.86
2022-02-07,600893,48.66,47.71,49.02,47.3,185994,901864880.0,3.6,-0.06,-0.03,0.8
2022-02-08,600893,48.07,47.75,48.22,46.0,177921,844401568.0,4.65,0.08,0.04,0.76
2022-02-09,600893,47.74,49.06,49.32,47.33,235147,1151566368.0,4.17,2.74,1.31,1.01
2022-02-10,600893,49.06,49.25,49.86,48.51,184392,915494192.0,2.75,0.39,0.19,0.79
2022-02-11,600893,49.05,47.59,49.41,47.43,175186,854609056.0,4.02,-3.37,-1.66,0.75
2022-02-14,600893,47.54,47.11,48.66,46.76,240693,1157713456.0,3.99,-1.01,-0.48,1.03
2022-02-15,600893,47.12,48.84,48.88,47.01,206825,1004675888.0,3.97,3.67,1.73,0.89
2022-02-16,600893,48.33,47.56,48.36,47.36,202915,978413616.0,2.05,-2.62,-1.28,0.87
2022-02-17,600893,47.41,47.92,48.35,46.9,207969,998974000.0,3.05,0.76,0.36,0.89
2022-02-18,600893,47.76,47.73,47.77,47.07,111982,535898016.0,1.46,-0.4,-0.19,0.48
2022-02-21,600893,47.87,47.42,48.47,47.06,144567,694501248.0,2.95,-0.65,-0.31,0.62
2022-02-22,600893,47.94,46.75,48.14,46.39,189232,897185632.0,3.69,-1.41,-0.67,0.81
2022-02-23,600893,46.46,48.76,49.09,46.27,342812,1663684800.0,6.03,4.3,2.01,1.47
2022-02-24,600893,48.35,49.63,52.56,48.11,630941,3166312096.0,9.13,1.78,0.87,2.71
2022-02-25,600893,48.7,49.6,50.06,48.01,296595,1476200160.0,4.13,-0.06,-0.03,1.27
2022-02-28,600893,50.41,50.08,51.41,49.62,267695,1357413632.0,3.61,0.97,0.48,1.15
2022-03-01,600893,50.56,51.37,52.01,50.07,334732,1724464112.0,3.87,2.58,1.29,1.44
2022-03-02,600893,51.26,50.87,51.41,50.36,193487,991879648.0,2.04,-0.97,-0.5,0.83
2022-03-03,600893,50.89,49.58,50.89,49.46,183965,924849200.0,2.81,-2.54,-1.29,0.79
2022-03-04,600893,49.4,47.61,49.94,47.15,255798,1251825232.0,5.63,-3.97,-1.97,1.1
2022-03-07,600893,48.31,46.74,48.49,46.44,221464,1059280816.0,4.31,-1.83,-0.87,0.95
2022-03-08,600893,46.46,44.07,47.11,44.02,280531,1283530784.0,6.61,-5.71,-2.67,1.2
2022-03-09,600893,44.07,42.32,44.45,39.86,473083,2008449888.0,10.42,-3.97,-1.75,2.03
2022-03-10,600893,43.26,43.03,43.93,42.43,318879,1391440720.0,3.54,1.68,0.71,1.37
2022-03-11,600893,42.56,43.69,43.74,42.15,221620,961919040.0,3.7,1.53,0.66,0.95
2022-03-14,600893,43.44,45.03,46.59,43.24,355553,1630271680.0,7.67,3.07,1.34,1.53
2022-03-15,600893,44.55,43.61,46.01,43.51,270416,1220025520.0,5.55,-3.15,-1.42,1.16
2022-03-16,600893,44.36,44.97,45.04,42.38,275178,1221203920.0,6.1,3.12,1.36,1.18
2022-03-17,600893,45.23,45.12,46.11,44.84,271864,1249181600.0,2.82,0.33,0.15,1.17
2022-03-18,600893,44.76,44.56,45.01,43.82,153820,690783152.0,2.64,-1.24,-0.56,0.66
2022-03-21,600893,44.64,44.68,45.48,44.06,167475,757123344.0,3.19,0.27,0.12,0.72
2022-03-22,600893,45.21,43.98,45.64,43.74,162400,727881232.0,4.25,-1.57,-0.7,0.7
2022-03-23,600893,43.94,45.73,46.2,43.44,353548,1609165104.0,6.28,3.98,1.75,1.52
2022-03-24,600893,45.06,45.13,45.86,44.99,166241,760721952.0,1.9,-1.31,-0.6,0.71
2022-03-25,600893,45.33,45.15,47.0,45.09,291954,1356085344.0,4.23,0.04,0.02,1.25
2022-03-28,600893,44.55,43.71,44.6,43.12,192264,852440720.0,3.28,-3.19,-1.44,0.83
2022-03-29,600893,44.28,44.86,46.86,44.25,397989,1833266512.0,5.97,2.63,1.15,1.71
2022-03-30,600893,45.1,45.76,46.26,44.52,194699,895426208.0,3.88,2.01,0.9,0.84
2022-03-31,600893,45.38,44.46,45.62,43.94,186580,840910224.0,3.67,-2.84,-1.3,0.8
2022-04-01,600893,44.06,43.91,44.64,43.72,147050,654798448.0,2.07,-1.24,-0.55,0.63
2022-04-06,600893,43.93,42.46,44.0,41.8,238613,1026108688.0,5.01,-3.3,-1.45,1.02
2022-04-07,600893,42.46,42.51,43.66,42.22,168595,732415152.0,3.39,0.12,0.05,0.72
2022-04-08,600893,42.56,41.42,42.81,41.06,240865,1011305712.0,4.12,-2.56,-1.09,1.03
2022-04-11,600893,40.36,38.76,40.36,38.27,460086,1803342704.0,5.05,-6.42,-2.66,1.98
2022-04-12,600893,38.56,38.14,39.01,37.01,355921,1362684736.0,5.16,-1.6,-0.62,1.53
2022-04-13,600893,37.91,37.41,38.06,37.26,178866,680447776.0,2.1,-1.91,-0.73,0.77
2022-04-14,600893,37.56,37.64,37.84,37.12,199729,757422528.0,1.92,0.61,0.23,0.86
2022-04-15,600893,37.56,37.56,38.06,37.06,205081,779954000.0,2.66,-0.21,-0.08,0.88
2022-04-18,600893,37.24,38.54,38.65,36.9,219803,847080704.0,4.66,2.61,0.98,0.94
2022-04-19,600893,38.36,38.63,39.21,38.26,174330,681137536.0,2.46,0.23,0.09,0.75
2022-04-20,600893,38.63,38.0,38.86,37.77,130113,504376624.0,2.82,-1.63,-0.63,0.56
2022-04-21,600893,37.92,36.95,38.87,36.62,171856,653233904.0,5.92,-2.76,-1.05,0.74
2022-04-22,600893,36.54,36.22,37.05,35.97,149237,550864640.0,2.92,-1.98,-0.73,0.64
2022-04-25,600893,35.36,33.53,35.63,33.52,270850,944691504.0,5.83,-7.43,-2.69,1.16
2022-04-26,600893,33.26,32.11,33.46,31.61,281436,924860224.0,5.52,-4.24,-1.42,1.21
2022-04-27,600893,31.48,34.39,34.74,31.26,345851,1169795328.0,10.84,7.1,2.28,1.48
2022-04-28,600893,34.41,34.89,35.84,34.07,221746,783883376.0,5.15,1.45,0.5,0.95
2022-04-29,600893,35.6,37.34,37.44,35.0,309819,1141369232.0,6.99,7.02,2.45,1.33
2022-05-05,600893,37.25,38.45,39.36,36.56,357049,1392122272.0,7.5,2.97,1.11,1.53
2022-05-06,600893,37.36,38.65,39.02,37.24,198546,771694496.0,4.63,0.52,0.2,0.85
2022-05-09,600893,38.57,39.41,40.13,38.42,212550,847244480.0,4.42,1.97,0.76,0.91
2022-05-10,600893,38.58,39.4,39.74,38.57,226475,899949536.0,2.97,-0.03,-0.01,0.97
2022-05-11,600893,39.85,38.53,40.29,38.11,288546,1144599872.0,5.53,-2.21,-0.87,1.24
2022-05-12,600893,38.14,38.94,39.66,38.14,183595,724159008.0,3.94,1.06,0.41,0.79
2022-05-13,600893,39.29,38.68,39.33,38.16,123730,482836432.0,3.0,-0.67,-0.26,0.53
2022-05-16,600893,39.28,38.32,39.78,38.16,162978,639355360.0,4.19,-0.93,-0.36,0.7
2022-05-17,600893,38.33,39.01,39.32,37.73,132237,517744304.0,4.15,1.8,0.69,0.57
2022-05-18,600893,39.21,39.06,39.52,38.4,154442,608384096.0,2.87,0.13,0.05,0.66
2022-05-19,600893,38.32,39.17,39.28,37.86,140895,550762368.0,3.64,0.28,0.11,0.6
2022-05-20,600893,39.34,39.24,39.63,38.64,155717,616037136.0,2.53,0.18,0.07,0.67
2022-05-23,600893,39.2,38.76,39.2,37.99,178068,692318384.0,3.08,-1.22,-0.48,0.76
2022-05-24,600893,38.86,37.58,40.26,37.45,354194,1394018000.0,7.25,-3.04,-1.18,1.52
2022-05-25,600893,37.07,38.16,38.55,37.03,230041,879103248.0,4.04,1.54,0.58,0.99
2022-05-26,600893,38.05,39.61,40.74,38.05,526193,2108671408.0,7.05,3.8,1.45,2.26
2022-05-27,600893,39.84,39.0,40.3,38.56,267637,1068421552.0,4.39,-1.54,-0.61,1.15
2022-05-30,600893,39.25,38.92,39.41,38.42,206277,810100432.0,2.54,-0.21,-0.08,0.89
2022-05-31,600893,38.9,39.09,39.44,38.35,228333,899344800.0,2.8,0.44,0.17,0.98
2022-06-01,600893,39.11,39.72,40.7,38.89,340278,1371850432.0,4.63,1.61,0.63,1.46
2022-06-02,600893,39.5,40.58,40.71,39.17,271258,1098887488.0,3.88,2.17,0.86,1.16
2022-06-06,600893,40.71,41.27,41.65,39.97,416928,1722012432.0,4.14,1.7,0.69,1.79
2022-06-07,600893,41.26,41.59,42.14,41.04,342337,1437553424.0,2.67,0.78,0.32,1.47
2022-06-08,600893,41.54,40.46,41.74,39.71,351727,1442780336.0,4.88,-2.72,-1.13,1.51
2022-06-09,600893,40.44,39.39,40.56,39.03,303524,1216848432.0,3.78,-2.64,-1.07,1.3
2022-06-10,600893,39.31,41.07,41.07,39.09,400202,1638340032.0,5.03,4.27,1.68,1.72
2022-06-13,600893,40.95,41.04,41.86,40.25,299867,1240694624.0,3.92,-0.07,-0.03,1.29
2022-06-14,600893,40.56,39.3,40.9,38.5,468038,1855644080.0,5.85,-4.24,-1.74,2.01
2022-06-15,600893,39.3,39.94,40.9,39.06,445860,1806833648.0,4.68,1.63,0.64,1.91
2022-06-16,600893,39.76,40.55,41.52,39.75,318248,1313885424.0,4.43,1.53,0.61,1.37
2022-06-17,600893,40.13,40.52,40.72,39.55,245089,994245776.0,2.89,-0.07,-0.03,1.05
2022-06-20,600893,40.52,40.98,41.09,40.17,319562,1313925488.0,2.27,1.14,0.46,1.37
2022-06-21,600893,41.16,39.54,41.24,39.19,358486,1444708272.0,5.0,-3.51,-1.44,1.54
2022-06-22,600893,39.51,38.77,39.87,38.69,253738,1005893008.0,2.98,-1.95,-0.77,1.09
2022-06-23,600893,38.79,42.69,42.69,38.56,732576,3060832784.0,10.65,10.11,3.92,3.15
2022-06-24,600893,44.0,44.81,45.66,43.47,975262,4382260992.0,5.13,4.97,2.12,4.19
2022-06-27,600893,45.3,46.1,46.43,44.42,563649,2581585216.0,4.49,2.88,1.29,2.42
2022-06-28,600893,45.73,45.85,47.08,45.45,479923,2225681232.0,3.54,-0.54,-0.25,2.06
2022-06-29,600893,45.7,44.35,46.19,44.17,386971,1756690432.0,4.41,-3.27,-1.5,1.66
2022-06-30,600893,44.32,45.21,45.69,43.78,355998,1603381552.0,4.31,1.94,0.86,1.53
2022-07-01,600893,45.5,45.14,46.85,44.4,350334,1610332256.0,5.42,-0.15,-0.07,1.5
2022-07-04,600893,45.1,47.87,48.68,44.9,546001,2604748000.0,8.37,6.05,2.73,2.34
2022-07-05,600893,48.0,47.8,48.2,47.0,345408,1654116992.0,2.51,-0.15,-0.07,1.48
2022-07-06,600893,47.64,47.73,49.7,46.88,530354,2576950272.0,5.9,-0.15,-0.07,2.28
2022-07-07,600893,48.0,51.69,52.04,48.0,738027,3747131088.0,8.46,8.3,3.96,3.17
2022-07-08,600893,51.92,52.0,53.5,50.9,527422,2764903424.0,5.03,0.6,0.31,2.26
2022-07-11,600893,51.84,52.88,53.07,50.21,484200,2516910768.0,5.5,1.69,0.88,2.08
2022-07-12,600893,52.69,50.58,55.05,50.35,713973,3774745594.0,8.89,-4.35,-2.3,3.07
2022-07-13,600893,50.32,49.81,51.04,49.03,417345,2095603412.0,3.97,-1.52,-0.77,1.79
2022-07-14,600893,49.7,51.25,52.09,49.55,351182,1807206831.0,5.1,2.89,1.44,1.51
2022-07-15,600893,51.01,50.93,52.61,50.3,306264,1584140595.0,4.51,-0.62,-0.32,1.31
2022-07-18,600893,50.5,50.5,50.71,48.5,376464,1876824499.0,4.34,-0.84,-0.43,1.62
2022-07-19,600893,50.25,50.18,51.85,49.78,279288,1423944312.0,4.1,-0.63,-0.32,1.2
2022-07-20,600893,50.5,53.2,53.23,50.3,467972,2438880515.0,5.84,6.02,3.02,2.01
2022-07-21,600893,52.7,52.04,53.18,51.38,364333,1912889421.0,3.38,-2.18,-1.16,1.56
2022-07-22,600893,52.04,52.5,53.58,51.2,274900,1448093967.0,4.57,0.88,0.46,1.18
2022-07-25,600893,53.2,51.52,53.71,51.29,273623,1443712727.0,4.61,-1.87,-0.98,1.17
2022-07-26,600893,51.4,51.7,52.15,50.57,179139,927570606.0,3.07,0.35,0.18,0.77
2022-07-27,600893,51.9,50.98,52.67,50.59,249594,1292154961.0,4.02,-1.39,-0.72,1.07
2022-07-28,600893,51.1,52.0,52.09,50.39,285020,1469300473.0,3.33,2.0,1.02,1.22
2022-07-29,600893,52.24,49.47,52.25,49.2,400133,2016604446.0,5.87,-4.87,-2.53,1.72
2022-08-01,600893,49.58,49.64,50.38,49.01,195306,974267626.0,2.77,0.34,0.17,0.84
2022-08-02,600893,51.58,48.68,51.74,47.99,360944,1793184585.0,7.55,-1.93,-0.96,1.55
2022-08-03,600893,48.69,52.5,53.5,48.25,753690,3935524557.0,10.78,7.85,3.82,3.24
2022-08-04,600893,52.66,51.79,52.88,51.1,370763,1936076414.0,3.39,-1.35,-0.71,1.59
2022-08-05,600893,51.57,50.92,52.62,49.61,361505,1839000800.0,5.81,-1.68,-0.87,1.55
2022-08-08,600893,50.25,52.6,53.23,50.21,377207,1988246867.0,5.93,3.3,1.68,1.62
2022-08-09,600893,52.6,54.3,55.15,51.7,466160,2510393528.0,6.56,3.23,1.7,2.0
2022-08-10,600893,53.99,53.99,54.98,53.4,286573,1561225303.0,2.91,-0.57,-0.31,1.23
2022-08-11,600893,53.8,53.5,53.98,52.95,225185,1208171393.0,1.91,-0.91,-0.49,0.97
2022-08-12,600893,53.46,51.74,53.46,51.53,262801,1376642852.0,3.61,-3.29,-1.76,1.13
2022-08-15,600893,51.74,52.13,52.6,51.5,141320,740947978.0,2.13,0.75,0.39,0.61
2022-08-16,600893,52.23,51.7,53.2,51.4,199993,1048425559.0,3.45,-0.82,-0.43,0.86
2022-08-17,600893,51.6,51.1,51.84,50.36,177450,908070825.0,2.86,-1.16,-0.6,0.76
2022-08-18,600893,51.1,50.84,51.8,50.6,170780,874325314.0,2.35,-0.51,-0.26,0.73
2022-08-19,600893,50.89,49.38,51.25,49.3,195039,980259048.0,3.84,-2.87,-1.46,0.84
2022-08-22,600893,49.2,50.41,50.87,49.0,188430,951633930.0,3.79,2.09,1.03,0.81
2022-08-23,600893,50.28,50.39,51.16,49.63,161988,820222108.0,3.04,-0.04,-0.02,0.7
2022-08-24,600893,50.19,47.44,50.28,47.24,331661,1613936630.0,6.03,-5.85,-2.95,1.42
2022-08-25,600893,47.44,47.65,48.1,46.8,171575,818438377.0,2.74,0.44,0.21,0.74
2022-08-26,600893,47.7,47.87,49.03,47.3,191482,923827621.0,3.63,0.46,0.22,0.82
2022-08-29,600893,47.4,49.61,50.23,46.71,336675,1667680337.0,7.35,3.63,1.74,1.45
2022-08-30,600893,49.9,47.58,50.0,47.55,225608,1099955581.0,4.94,-4.09,-2.03,0.97
2022-08-31,600893,47.58,45.67,47.88,45.36,256887,1196316786.0,5.3,-4.01,-1.91,1.1
2022-09-01,600893,45.72,45.58,46.58,45.3,160993,743413560.0,2.8,-0.2,-0.09,0.69
2022-09-02,600893,45.5,44.92,45.83,44.49,222199,1006002215.0,2.94,-1.45,-0.66,0.95
2022-09-05,600893,44.5,45.47,46.25,44.5,209004,957054008.0,3.9,1.22,0.55,0.9
2022-09-06,600893,45.8,46.84,47.67,45.52,243003,1145738789.0,4.73,3.01,1.37,1.04
2022-09-07,600893,46.41,46.94,47.3,46.38,196525,928366269.0,1.96,0.21,0.1,0.84
2022-09-08,600893,46.82,47.46,48.1,46.71,220280,1054091802.0,2.96,1.11,0.52,0.95
2022-09-09,600893,47.48,47.73,48.66,47.08,177969,855484567.0,3.33,0.57,0.27,0.76
2022-09-13,600893,47.9,48.7,48.93,47.69,203259,990192428.0,2.6,2.03,0.97,0.87
2022-09-14,600893,48.1,48.93,49.12,47.9,230866,1129538268.0,2.51,0.47,0.23,0.99
2022-09-15,600893,48.87,46.9,48.87,46.23,254469,1206725469.0,5.4,-4.15,-2.03,1.09
2022-09-16,600893,46.7,46.58,47.8,46.42,221611,1052502811.0,2.94,-0.68,-0.32,0.95
2022-09-19,600893,46.21,45.71,47.25,45.3,137205,634240042.0,4.19,-1.87,-0.87,0.59
2022-09-20,600893,46.08,45.45,46.3,44.73,138498,635813551.0,3.43,-0.57,-0.26,0.59
2022-09-21,600893,45.12,44.5,45.44,43.47,210529,937301781.0,4.33,-2.09,-0.95,0.9
2022-09-22,600893,44.25,46.3,46.8,44.25,267168,1240133766.0,5.73,4.04,1.8,1.15
2022-09-23,600893,46.19,46.44,48.14,45.95,206879,976111290.0,4.73,0.3,0.14,0.89
2022-09-26,600893,45.92,44.99,46.38,44.72,155876,714820071.0,3.57,-3.12,-1.45,0.67
2022-09-27,600893,44.99,46.17,46.26,44.99,141844,654196343.0,2.82,2.62,1.18,0.57
2022-09-28,600893,45.88,43.68,46.87,43.57,203783,914638421.0,7.15,-5.39,-2.49,0.83
2022-09-29,600893,44.05,43.08,44.58,42.59,207952,908448166.0,4.56,-1.37,-0.6,0.84
2022-09-30,600893,43.26,41.65,43.34,41.54,161512,685192749.0,4.18,-3.32,-1.43,0.65
2022-10-10,600893,42.2,41.14,42.22,40.6,155787,647582966.0,3.89,-1.22,-0.51,0.63
2022-10-11,600893,41.28,41.2,41.54,40.43,127842,528217093.0,2.7,0.15,0.06,0.52
2022-10-12,600893,41.22,42.29,42.3,40.21,159764,663485910.0,5.07,2.65,1.09,0.65
2022-10-13,600893,41.93,42.99,44.7,41.86,243818,1067552324.0,6.72,1.66,0.7,0.99
2022-10-14,600893,43.2,44.91,45.24,43.0,218610,975695788.0,5.21,4.47,1.92,0.89
2022-10-17,600893,44.91,46.32,46.78,44.72,257974,1198393485.0,4.59,3.14,1.41,1.04
2022-10-18,600893,46.3,46.02,46.35,45.68,128624,595795847.0,1.45,-0.65,-0.3,0.52
2022-10-19,600893,45.92,45.74,46.88,45.49,135103,626804785.0,3.02,-0.61,-0.28,0.55
2022-10-20,600893,45.5,45.82,46.59,44.85,174833,805954058.0,3.8,0.17,0.08,0.71
2022-10-21,600893,45.83,45.2,45.98,44.34,191592,868703688.0,3.58,-1.35,-0.62,0.78
2022-10-24,600893,45.98,48.15,49.0,45.98,520220,2504224786.0,6.68,6.53,2.95,2.11
2022-10-25,600893,48.15,47.8,48.59,47.05,282899,1360423655.0,3.2,-0.73,-0.35,1.15
2022-10-26,600893,47.7,48.01,48.78,47.09,299151,1442806227.0,3.54,0.44,0.21,1.21
2022-10-27,600893,48.1,47.51,48.19,46.6,265419,1265767038.0,3.31,-1.04,-0.5,1.07
2022-10-28,600893,47.3,46.68,48.06,46.31,182646,867610336.0,3.68,-1.75,-0.83,0.74
2022-10-31,600893,44.6,48.34,48.93,42.7,533609,2493922347.0,13.35,3.56,1.66,2.16
2022-11-01,600893,48.2,47.45,48.77,46.74,325471,1562172241.0,4.2,-1.84,-0.89,1.32
2022-11-02,600893,47.2,46.78,47.73,46.31,293380,1380377580.0,2.99,-1.41,-0.67,1.19
2022-11-03,600893,46.5,47.49,47.78,46.28,233195,1107365769.0,3.21,1.52,0.71,0.94
2022-11-04,600893,47.28,47.77,47.8,46.81,223852,1068985781.0,2.08,0.59,0.28,0.91
2022-11-07,600893,48.0,46.76,48.86,46.15,305948,1442977876.0,5.67,-2.11,-1.01,1.24
2022-11-08,600893,46.77,46.71,47.01,46.01,161316,755256720.0,2.14,-0.11,-0.05,0.65
2022-11-09,600893,47.19,46.01,47.5,45.98,168863,791492432.0,3.25,-1.5,-0.7,0.68
2022-11-10,600893,45.7,44.66,45.7,44.05,263486,1186303742.0,3.59,-2.93,-1.35,1.07
2022-11-11,600893,45.67,44.77,45.71,44.49,180654,818121692.0,2.73,0.25,0.11,0.73
2022-11-14,600893,44.6,43.5,45.19,43.21,309125,1366956622.0,4.42,-2.84,-1.27,1.25
2022-11-15,600893,43.39,43.91,44.4,43.26,275568,1218259021.0,2.62,0.94,0.41,1.12
2022-11-16,600893,44.14,44.2,44.97,43.79,299378,1336462603.0,2.69,0.66,0.29,1.21
2022-11-17,600893,43.81,44.49,44.59,42.78,222178,975876532.0,4.1,0.66,0.29,0.9
2022-11-18,600893,44.35,43.55,44.66,43.55,171365,758411522.0,2.49,-2.11,-0.94,0.69
2022-11-21,600893,43.06,44.2,44.46,42.95,176034,781184231.0,3.47,1.49,0.65,0.71
2022-11-22,600893,44.2,44.8,45.7,43.8,267442,1208025989.0,4.3,1.36,0.6,1.08
2022-11-23,600893,44.58,45.06,45.43,44.2,184921,835171727.0,2.75,0.58,0.26,0.75
2022-11-24,600893,45.07,44.7,45.4,44.51,113593,512607633.0,1.98,-0.8,-0.36,0.46
2022-11-25,600893,44.61,43.87,44.9,43.71,175384,779939710.0,2.66,-1.86,-0.83,0.71
2022-11-28,600893,43.2,44.73,44.76,43.04,185461,827526241.0,3.92,1.96,0.86,0.75
2022-11-29,600893,44.73,44.6,45.47,44.33,193164,869084236.0,2.55,-0.29,-0.13,0.78
2022-11-30,600893,44.8,45.29,45.36,44.2,219265,990437987.0,2.6,1.55,0.69,0.89
2022-12-01,600893,45.05,45.27,45.66,45.05,156942,716142652.0,1.35,-0.04,-0.02,0.64
2022-12-02,600893,45.29,43.9,45.49,43.81,200052,895823978.0,3.71,-3.03,-1.37,0.81
2022-12-05,600893,44.23,44.1,44.47,43.58,206709,915747931.0,2.03,0.46,0.2,0.84
2022-12-06,600893,44.17,44.8,44.83,43.51,217808,970776332.0,2.99,1.59,0.7,0.88
2022-12-07,600893,44.59,44.72,45.09,44.49,131139,590561452.0,1.34,-0.18,-0.08,0.53
2022-12-08,600893,44.55,44.32,44.85,44.08,121325,542261578.0,1.72,-0.89,-0.4,0.49
2022-12-09,600893,44.32,43.7,44.45,43.08,248959,1090860890.0,3.09,-1.4,-0.62,1.01
2022-12-12,600893,43.6,43.32,43.98,42.73,207209,904622899.0,2.86,-0.87,-0.38,0.84
2022-12-13,600893,43.2,42.71,43.5,42.43,168067,724124951.0,2.47,-1.41,-0.61,0.68
2022-12-14,600893,42.71,42.88,43.5,42.66,114822,497980027.0,1.97,0.4,0.17,0.46
2022-12-15,600893,42.91,42.65,43.13,42.5,112992,485616690.0,1.47,-0.54,-0.23,0.46
2022-12-16,600893,42.6,42.46,42.6,41.82,118022,501253417.0,1.83,-0.45,-0.19,0.48
2022-12-19,600893,42.4,41.48,42.7,41.25,118336,498457345.0,3.41,-2.31,-0.98,0.48
2022-12-20,600893,41.31,41.51,41.93,41.15,76680,320425050.0,1.88,0.07,0.03,0.31
2022-12-21,600893,41.38,41.06,41.77,40.82,87601,363290967.0,2.29,-1.08,-0.45,0.35
2022-12-22,600893,41.25,41.28,41.8,40.25,132137,546863671.0,3.77,0.54,0.22,0.53
2022-12-23,600893,40.91,41.2,41.51,40.83,106086,439259532.0,1.65,-0.19,-0.08,0.43
2022-12-26,600893,41.2,41.95,42.12,41.1,149086,625735913.0,2.48,1.82,0.75,0.6
2022-12-27,600893,41.95,41.67,42.18,41.51,115978,487677351.0,1.6,-0.67,-0.28,0.47
2022-12-28,600893,41.77,40.85,41.82,40.65,177437,734880027.0,2.81,-1.97,-0.82,0.72
2022-12-29,600893,40.7,41.97,42.38,40.66,213932,896851996.0,4.21,2.74,1.12,0.87
2022-12-30,600893,42.0,41.98,42.46,41.85,93330,395489814.0,1.45,0.02,0.01,0.38
2023-01-03,600893,41.87,43.48,43.8,41.8,253696,1103005039.0,4.76,3.57,1.5,1.03
2023-01-04,600893,43.39,43.54,43.8,43.0,166403,727313533.0,1.84,0.14,0.06,0.67
2023-01-05,600893,43.38,43.84,44.02,43.2,143592,631894660.0,1.88,0.69,0.3,0.58
2023-01-06,600893,43.59,43.67,44.0,43.28,120807,531475402.0,1.64,-0.39,-0.17,0.49
2023-01-09,600893,43.6,42.24,43.88,41.9,263842,1130237893.0,4.53,-3.27,-1.43,1.07
2023-01-10,600893,42.24,41.51,42.36,40.88,285582,1188104323.0,3.5,-1.73,-0.73,1.16
2023-01-11,600893,41.34,41.01,41.94,40.91,164002,682374545.0,2.48,-1.2,-0.5,0.66
2023-01-12,600893,41.86,41.14,42.12,41.01,147955,617665633.0,2.71,0.32,0.13,0.6
2023-01-13,600893,41.23,41.42,41.45,40.74,102936,426789119.0,1.73,0.68,0.28,0.42
2023-01-16,600893,41.32,42.33,42.92,41.32,283550,1202780994.0,3.86,2.2,0.91,1.15
2023-01-17,600893,42.33,42.91,43.36,42.06,161684,697108395.0,3.07,1.37,0.58,0.65
2023-01-18,600893,43.0,42.86,43.04,42.55,103813,448342668.0,1.14,-0.12,-0.05,0.42
2023-01-19,600893,42.76,43.3,43.46,42.68,124131,538435117.0,1.82,1.03,0.44,0.5
2023-01-20,600893,43.3,43.5,43.66,43.13,114466,500526147.0,1.22,0.46,0.2,0.46
2023-01-30,600893,43.9,44.99,45.67,43.7,300858,1356299539.0,4.53,3.43,1.49,1.22
2023-01-31,600893,44.7,45.05,45.44,44.59,179940,816190577.0,1.89,0.13,0.06,0.73
2023-02-01,600893,45.09,45.66,45.7,44.54,207080,941157437.0,2.57,1.35,0.61,0.84
2023-02-02,600893,45.89,44.98,45.95,44.61,224465,1016523232.0,2.93,-1.49,-0.68,0.91
2023-02-03,600893,44.74,46.46,46.58,44.39,375624,1731694056.0,4.87,3.29,1.48,1.52
2023-02-06,600893,46.26,45.57,46.36,45.34,209361,963346175.0,2.2,-1.92,-0.89,0.85
2023-02-07,600893,45.67,45.14,45.71,44.85,147482,670352656.0,1.89,-0.94,-0.43,0.6
2023-02-08,600893,45.14,44.37,45.14,44.11,167197,748553435.0,2.28,-1.71,-0.77,0.68
2023-02-09,600893,44.21,45.01,45.32,44.2,140133,634287902.0,2.52,1.44,0.64,0.57
2023-02-10,600893,44.9,44.7,45.36,44.68,110563,500471220.0,1.51,-0.69,-0.31,0.45
2023-02-13,600893,44.85,44.89,45.41,44.7,128804,583071921.0,1.59,0.43,0.19,0.52
2023-02-14,600893,45.09,44.66,45.09,44.49,75679,340039538.0,1.34,-0.51,-0.23,0.31
2023-02-15,600893,44.67,45.24,45.26,44.23,151199,681551625.0,2.31,1.3,0.58,0.61
2023-02-16,600893,45.1,44.3,45.38,43.95,209078,944700160.0,3.16,-2.08,-0.94,0.85
2023-02-17,600893,44.3,44.06,44.65,43.8,115567,514423341.0,1.92,-0.54,-0.24,0.47
2023-02-20,600893,44.06,44.7,44.7,43.63,142638,634076718.0,2.43,1.45,0.64,0.58
2023-02-21,600893,44.69,45.22,45.67,44.59,170262,775739589.0,2.42,1.16,0.52,0.69
2023-02-22,600893,44.92,45.44,45.56,44.92,154218,704334440.0,1.42,0.49,0.22,0.62
2023-02-23,600893,45.38,45.26,45.5,44.98,94681,431595159.0,1.14,-0.4,-0.18,0.38
2023-02-24,600893,45.36,45.64,46.58,45.35,235758,1092900018.0,2.72,0.84,0.38,0.95
2023-02-27,600893,45.58,45.21,46.01,44.95,170283,778126420.0,2.32,-0.94,-0.43,0.69
2023-02-28,600893,45.02,45.6,45.99,45.02,122863,561847979.0,2.15,0.86,0.39,0.5
2023-03-01,600893,45.6,45.88,45.9,45.4,100959,464672467.0,1.1,0.61,0.28,0.41
2023-03-02,600893,45.92,46.36,46.87,45.88,229311,1072028765.0,2.16,1.05,0.48,0.93
2023-03-03,600893,46.33,47.09,47.5,45.96,234475,1107834016.0,3.32,1.57,0.73,0.95
2023-03-06,600893,47.54,47.02,47.98,46.55,233885,1109257116.0,3.04,-0.15,-0.07,0.95
2023-03-07,600893,46.73,46.01,46.86,45.82,239729,1118306942.0,2.21,-2.15,-1.01,0.97
2023-03-08,600893,45.75,46.24,46.77,45.73,109062,507214253.0,2.26,0.5,0.23,0.44
2023-03-09,600893,46.22,45.79,46.29,45.49,121107,559279284.0,1.73,-0.97,-0.45,0.49
2023-03-10,600893,45.69,45.03,46.0,45.02,119328,546237606.0,2.14,-1.66,-0.76,0.48
2023-03-13,600893,44.99,45.99,45.99,44.98,92269,423771104.0,2.24,2.13,0.96,0.37
2023-03-14,600893,45.9,45.72,46.0,45.01,116422,532641237.0,2.15,-0.59,-0.27,0.47
2023-03-15,600893,45.72,45.36,46.08,45.25,103419,473880561.0,1.82,-0.79,-0.36,0.42
2023-03-16,600893,45.08,44.42,45.35,44.05,130941,586626782.0,2.87,-2.07,-0.94,0.53
2023-03-17,600893,44.5,44.68,45.18,44.4,84929,382975931.0,1.76,0.59,0.26,0.34
2023-03-20,600893,44.69,44.28,44.89,44.04,75688,338385447.0,1.9,-0.9,-0.4,0.31
2023-03-21,600893,45.23,46.16,46.83,45.2,226642,1055086244.0,3.68,4.25,1.88,0.92
2023-03-22,600893,46.16,44.73,46.2,44.55,226713,1029550232.0,3.57,-3.1,-1.43,0.92
2023-03-23,600893,44.5,45.32,45.35,44.18,182567,821562312.0,2.62,1.32,0.59,0.74
2023-03-24,600893,45.25,45.46,45.61,44.64,125452,570145231.0,2.14,0.31,0.14,0.51
2023-03-27,600893,45.23,44.58,45.59,44.51,115431,520503321.0,2.38,-1.94,-0.88,0.47
2023-03-28,600893,44.5,44.0,44.88,43.86,123425,551477194.0,2.29,-1.3,-0.58,0.5
2023-03-29,600893,43.9,43.2,43.98,42.9,154649,673559072.0,2.45,-1.82,-0.8,0.63
2023-03-30,600893,43.18,43.25,43.49,42.74,100176,435098595.0,1.74,0.12,0.05,0.41
2023-03-31,600893,43.1,42.85,43.1,42.5,140079,602899393.0,1.39,-0.92,-0.4,0.57
2023-04-03,600893,42.86,43.35,43.42,42.6,156658,677875675.0,1.91,1.17,0.5,0.63
2023-04-04,600893,43.24,42.6,43.24,42.3,165185,709107309.0,2.17,-1.73,-0.75,0.67
2023-04-06,600893,42.58,43.44,43.56,42.2,156976,680066131.0,3.19,1.97,0.84,0.64
2023-04-07,600893,43.36,43.39,43.74,43.2,96730,423390994.0,1.24,-0.12,-0.05,0.39
2023-04-10,600893,43.69,43.4,44.21,43.33,120580,531533965.0,2.03,0.02,0.01,0.49
2023-04-11,600893,43.46,42.9,43.46,42.79,81424,352298478.0,1.54,-1.15,-0.5,0.33
2023-04-12,600893,42.92,42.67,43.06,42.5,81814,352132302.0,1.31,-0.54,-0.23,0.33
2023-04-13,600893,42.71,42.75,43.2,42.4,80311,345781648.0,1.87,0.19,0.08,0.33
2023-04-14,600893,42.73,42.79,42.83,42.4,70766,303810820.0,1.01,0.09,0.04,0.29
2023-04-17,600893,42.8,43.15,43.18,42.59,87308,377352778.0,1.38,0.84,0.36,0.35
2023-04-18,600893,43.15,43.09,43.28,42.57,105488,455762399.0,1.65,-0.14,-0.06,0.43
2023-04-19,600893,42.9,42.5,42.98,42.29,108955,466318448.0,1.6,-1.37,-0.59,0.44
2023-04-20,600893,42.5,42.77,43.13,41.8,159777,682126687.0,3.13,0.64,0.27,0.65
2023-04-21,600893,42.76,43.37,44.69,42.68,313438,1385813777.0,4.7,1.4,0.6,1.27
2023-04-24,600893,43.45,42.9,43.73,41.9,175056,757330953.0,4.22,-1.08,-0.47,0.71
2023-04-25,600893,42.77,42.0,43.47,41.72,148860,636933334.0,4.08,-2.1,-0.9,0.6
2023-04-26,600893,41.7,42.88,43.58,41.51,155101,673228762.0,4.93,2.1,0.88,0.63
2023-04-27,600893,42.73,43.76,43.88,42.72,158252,694126842.0,2.71,2.05,0.88,0.64
2023-04-28,600893,43.93,43.46,43.93,43.16,108522,474788159.0,1.76,-0.69,-0.3,0.44
2023-05-04,600893,43.32,42.58,43.38,42.25,149360,642060379.0,2.6,-2.02,-0.88,0.6
2023-05-05,600893,42.67,41.86,42.67,41.69,113552,480960929.0,2.3,-1.69,-0.72,0.46
2023-05-08,600893,41.88,42.8,42.95,41.88,165774,711163475.0,2.56,2.25,0.94,0.67
2023-05-09,600893,42.88,42.84,44.35,42.65,238639,1048749924.0,3.97,0.09,0.04,0.97
2023-05-10,600893,42.7,42.31,42.9,42.11,127970,546547237.0,1.84,-1.24,-0.53,0.52
2023-05-11,600893,42.39,41.95,42.43,41.83,80728,341691256.0,1.42,-0.85,-0.36,0.33
2023-05-12,600893,41.97,40.95,42.08,40.6,193187,799552503.0,3.53,-2.38,-1.0,0.78
2023-05-15,600893,40.8,42.2,42.26,40.71,130803,547965396.0,3.79,3.05,1.25,0.53
2023-05-16,600893,42.2,41.81,42.21,41.65,61758,260793955.0,1.33,-0.92,-0.39,0.25
2023-05-17,600893,41.77,42.27,42.63,41.62,123720,525753620.0,2.42,1.1,0.46,0.5
2023-05-18,600893,42.2,41.6,42.2,41.4,103931,436012951.0,1.89,-1.59,-0.67,0.42
2023-05-19,600893,41.58,41.75,42.03,41.23,96578,406721669.0,1.92,0.36,0.15,0.39
2023-05-22,600893,41.6,41.5,41.78,41.3,63412,265129190.0,1.15,-0.6,-0.25,0.26
2023-05-23,600893,41.52,40.8,41.56,40.8,71498,295547775.0,1.83,-1.69,-0.7,0.29
2023-05-24,600893,40.8,39.9,40.8,39.9,108998,442844562.0,2.21,-2.21,-0.9,0.44
2023-05-25,600893,39.9,40.59,40.85,39.51,130833,530822815.0,3.36,1.73,0.69,0.53
2023-05-26,600893,40.69,40.13,41.02,39.69,139986,565436362.0,3.28,-1.13,-0.46,0.57
2023-05-29,600893,40.51,40.0,41.08,39.83,97880,398206456.0,3.11,-0.32,-0.13,0.4
2023-05-30,600893,39.63,39.38,40.05,38.75,141519,560472252.0,3.25,-1.55,-0.62,0.57
2023-05-31,600893,39.42,39.45,40.15,39.39,87956,351853624.0,1.93,0.18,0.07,0.36
2023-06-01,600893,39.31,40.05,40.49,39.24,100992,407110166.0,3.17,1.52,0.6,0.41
2023-06-02,600893,40.04,40.54,40.87,39.93,126288,515476569.0,2.35,1.22,0.49,0.51
2023-06-05,600893,40.79,39.62,40.8,39.52,125614,505364875.0,3.16,-2.27,-0.92,0.51
2023-06-06,600893,39.62,39.36,39.76,39.15,88806,353468908.0,1.54,-0.66,-0.26,0.36
2023-06-07,600893,39.26,39.28,39.36,38.76,94442,371281294.0,1.52,-0.2,-0.08,0.38
2023-06-08,600893,39.1,39.23,39.47,38.89,67380,265656756.0,1.48,-0.13,-0.05,0.27
2023-06-09,600893,39.25,39.89,40.01,38.73,125546,496842301.0,3.26,1.68,0.66,0.51
2023-06-12,600893,39.7,39.11,39.7,39.03,89668,355213280.0,1.68,-1.96,-0.78,0.36
2023-06-13,600893,39.09,39.18,39.27,38.81,75114,295219166.0,1.18,0.18,0.07,0.3
2023-06-14,600893,39.2,38.93,39.35,38.9,61572,242350799.0,1.15,-0.64,-0.25,0.25
2023-06-15,600893,39.0,39.6,39.7,38.8,107668,426059196.0,2.31,1.72,0.67,0.44
2023-06-16,600893,39.69,40.63,40.96,39.59,198974,807734861.0,3.46,2.6,1.03,0.81
2023-06-19,600893,40.62,39.94,40.95,39.82,156813,633151392.0,2.78,-1.7,-0.69,0.63
2023-06-20,600893,39.99,41.02,41.14,39.79,215512,880273378.0,3.38,2.7,1.08,0.87
2023-06-21,600893,40.84,40.36,41.1,40.25,144405,590616538.0,2.07,-1.61,-0.66,0.58
2023-06-26,600893,40.35,40.24,40.78,40.04,105881,429622437.0,1.83,-0.3,-0.12,0.43
2023-06-27,600893,40.28,40.67,41.06,40.04,126421,515280072.0,2.53,1.07,0.43,0.51
2023-06-28,600893,40.7,41.18,41.56,40.34,162846,671570872.0,3.0,1.25,0.51,0.66
2023-06-29,600893,41.11,40.96,41.59,40.92,165649,684821242.0,1.63,-0.53,-0.22,0.67
2023-06-30,600893,40.99,42.1,42.72,40.99,282597,1194323039.0,4.22,2.78,1.14,1.14
2023-07-03,600893,42.5,42.68,43.24,42.1,249403,1071175714.0,2.71,1.38,0.58,1.01
2023-07-04,600893,42.59,42.75,42.98,42.41,164114,704171664.0,1.34,0.16,0.07,0.66
2023-07-05,600893,42.72,42.4,42.84,42.23,106118,453242750.0,1.43,-0.82,-0.35,0.43
2023-07-06,600893,42.44,42.11,42.69,41.89,105638,447621696.0,1.89,-0.68,-0.29,0.43
2023-07-07,600893,42.22,41.62,42.33,41.57,112536,472478065.0,1.8,-1.16,-0.49,0.46
2023-07-10,600893,41.84,41.89,42.23,41.46,88895,373137559.0,1.85,0.65,0.27,0.36
2023-07-11,600893,41.92,42.23,42.32,41.81,69421,293796420.0,1.22,0.81,0.34,0.28
2023-07-12,600893,42.27,41.36,42.3,41.25,86638,362303909.0,2.49,-2.06,-0.87,0.35
2023-07-13,600893,41.36,41.61,41.7,41.36,64402,268590683.0,0.82,0.6,0.25,0.26
2023-07-14,600893,41.6,41.34,41.8,41.29,75861,316060924.0,1.23,-0.65,-0.27,0.31
2023-07-17,600893,41.19,41.1,41.6,40.93,51721,213570039.0,1.62,-0.58,-0.24,0.21
2023-07-18,600893,41.02,41.3,41.59,40.89,55048,228457376.0,1.7,0.49,0.2,0.22
2023-07-19,600893,41.16,41.32,41.45,40.99,55445,229378914.0,1.11,0.05,0.02,0.22
2023-07-20,600893,41.34,40.42,41.63,40.25,96072,393555282.0,3.34,-2.18,-0.9,0.39
2023-07-21,600893,40.32,40.18,40.55,39.94,69503,280992453.0,1.51,-0.59,-0.24,0.28
2023-07-24,600893,40.18,40.11,40.65,39.87,73581,297527011.0,1.94,-0.17,-0.07,0.3
2023-07-25,600893,40.39,40.42,40.49,39.95,79606,321684054.0,1.35,0.77,0.31,0.32
2023-07-26,600893,40.37,40.29,40.5,40.15,53420,216220030.0,0.87,-0.32,-0.13,0.22
2023-07-27,600893,40.47,40.11,40.9,40.04,88007,356989396.0,2.13,-0.45,-0.18,0.36
2023-07-28,600893,39.96,40.4,40.55,39.56,108606,437712395.0,2.47,0.72,0.29,0.44
2023-07-31,600893,40.4,40.28,40.78,40.02,137488,557069709.0,1.88,-0.3,-0.12,0.56
2023-08-01,600893,40.32,40.44,40.83,40.29,106320,432946946.0,1.34,0.4,0.16,0.43
2023-08-02,600893,40.26,39.69,40.54,39.63,123268,493415474.0,2.25,-1.85,-0.75,0.5
2023-08-03,600893,39.67,39.73,39.84,39.56,86141,343558090.0,0.71,0.1,0.04,0.35
2023-08-04,600893,39.97,39.84,40.28,39.64,74381,297816185.0,1.61,0.28,0.11,0.3
2023-08-07,600893,39.84,39.77,39.88,39.54,78226,311635050.0,0.85,-0.18,-0.07,0.32
2023-08-08,600893,39.76,39.86,39.99,39.24,87015,346428012.0,1.89,0.23,0.09,0.35
2023-08-09,600893,39.74,40.02,40.03,39.66,81284,325631082.0,0.93,0.4,0.16,0.33
2023-08-10,600893,40.02,39.75,40.38,39.63,76596,307066647.0,1.87,-0.67,-0.27,0.31
2023-08-11,600893,39.74,39.02,39.83,38.97,77937,307900323.0,2.16,-1.84,-0.73,0.32
2023-08-14,600893,38.75,39.37,39.39,38.75,69985,274690249.0,1.64,0.9,0.35,0.28
2023-08-15,600893,39.24,38.64,39.46,38.46,88388,344822468.0,2.54,-1.85,-0.73,0.36
2023-08-16,600893,38.63,37.92,38.71,37.87,78808,302574360.0,2.17,-1.86,-0.72,0.32
2023-08-17,600893,37.86,39.65,39.82,37.59,213234,836578599.0,5.88,4.56,1.73,0.86
2023-08-18,600893,39.44,39.39,40.03,39.24,96008,382530896.0,1.99,-0.66,-0.26,0.39
2023-08-21,600893,39.52,38.54,39.68,38.46,69964,274300895.0,3.1,-2.16,-0.85,0.28
2023-08-22,600893,38.59,39.34,39.61,38.44,101234,396974569.0,3.04,2.08,0.8,0.41
2023-08-23,600893,39.14,38.08,39.35,38.06,95931,371722697.0,3.28,-3.2,-1.26,0.39
2023-08-24,600893,38.1,38.26,38.72,37.67,70714,271757482.0,2.76,0.47,0.18,0.29
2023-08-25,600893,38.09,37.59,38.69,37.36,88986,338674536.0,3.48,-1.75,-0.67,0.36
2023-08-28,600893,39.83,37.64,39.93,37.51,137812,532432080.0,6.44,0.13,0.05,0.56
2023-08-29,600893,37.64,38.64,39.04,37.64,112368,434300047.0,3.72,2.66,1.0,0.45
2023-08-30,600893,38.65,39.1,39.29,38.65,133335,522874644.0,1.66,1.19,0.46,0.54
2023-08-31,600893,39.16,39.08,39.34,38.81,82379,323227642.0,1.36,-0.05,-0.02,0.33
2023-09-01,600893,39.16,38.75,39.19,38.62,69548,271241553.0,1.46,-0.84,-0.33,0.28
2023-09-04,600893,38.98,39.47,39.69,38.98,90932,359787528.0,1.83,1.86,0.72,0.37
2023-09-05,600893,39.44,39.41,39.68,39.25,59634,236398703.0,1.09,-0.15,-0.06,0.24
2023-09-06,600893,39.41,39.77,39.99,39.04,101327,403206218.0,2.41,0.91,0.36,0.41
2023-09-07,600893,39.63,39.24,39.8,39.23,83585,331228438.0,1.43,-1.33,-0.53,0.34
2023-09-08,600893,39.24,39.6,39.97,39.2,97532,388385629.0,1.96,0.92,0.36,0.39
2023-09-11,600893,39.6,38.89,39.64,38.74,132646,519718743.0,2.27,-1.79,-0.71,0.54
2023-09-12,600893,38.91,38.78,38.93,38.36,75970,295040282.0,1.47,-0.28,-0.11,0.31
2023-09-13,600893,38.65,38.37,38.76,38.0,80184,308254552.0,1.96,-1.06,-0.41,0.32
2023-09-14,600893,38.34,38.35,38.6,38.19,55373,213432973.0,1.07,-0.05,-0.02,0.22
2023-09-15,600893,38.44,38.18,38.51,38.02,65504,251154245.0,1.28,-0.44,-0.17,0.27
2023-09-18,600893,38.1,37.84,38.26,37.77,65095,248330640.0,1.28,-0.89,-0.34,0.26
2023-09-19,600893,37.81,37.43,37.94,37.37,79364,299180766.0,1.51,-1.08,-0.41,0.32
2023-09-20,600893,37.35,36.55,37.51,36.54,119208,441129562.0,2.59,-2.35,-0.88,0.48
2023-09-21,600893,36.62,36.35,37.1,36.34,102034,375163733.0,2.08,-0.55,-0.2,0.41
2023-09-22,600893,36.26,36.98,37.14,36.24,97585,360005293.0,2.48,1.73,0.63,0.4
2023-09-25,600893,36.93,36.56,37.15,36.5,72754,268591594.0,1.76,-1.14,-0.42,0.27
2023-09-26,600893,36.54,36.35,36.62,36.29,46643,170561910.0,0.9,-0.57,-0.21,0.18
2023-09-27,600893,36.33,36.42,36.82,36.31,54580,200075955.0,1.4,0.19,0.07,0.2
2023-09-28,600893,36.58,36.99,37.04,36.34,86670,319795410.0,1.92,1.57,0.57,0.33
2023-10-09,600893,37.05,37.07,37.31,36.57,94658,352017952.0,2.0,0.22,0.08,0.36
2023-10-10,600893,37.08,36.98,37.4,36.78,61388,228275699.0,1.67,-0.24,-0.09,0.23
2023-10-11,600893,37.05,36.3,37.05,36.07,121084,444464229.0,2.65,-1.84,-0.68,0.45
2023-10-12,600893,36.39,36.76,36.79,36.39,73086,268730691.0,1.1,1.27,0.46,0.27
2023-10-13,600893,36.64,35.94,36.64,35.73,93975,340103159.0,2.48,-2.23,-0.82,0.35
2023-10-16,600893,36.0,35.66,36.17,35.54,77252,277805967.0,1.75,-0.78,-0.28,0.29
2023-10-17,600893,35.59,35.74,35.79,35.12,70969,252394033.0,1.88,0.22,0.08,0.27
2023-10-18,600893,35.56,35.03,35.71,34.99,66448,235158466.0,2.01,-1.99,-0.71,0.25
2023-10-19,600893,34.89,34.33,35.23,34.26,107704,375490702.0,2.77,-2.0,-0.7,0.4
2023-10-20,600893,34.2,34.12,34.51,33.91,102308,351141489.0,1.75,-0.61,-0.21,0.38
2023-10-23,600893,34.11,34.09,34.58,33.78,99280,340620326.0,2.34,-0.09,-0.03,0.37
2023-10-24,600893,34.14,34.21,34.39,33.66,79163,270823158.0,2.14,0.35,0.12,0.3
2023-10-25,600893,34.4,34.86,35.09,34.34,95116,332610308.0,2.19,1.9,0.65,0.36
2023-10-26,600893,34.71,35.12,35.15,34.47,59003,206355068.0,1.95,0.75,0.26,0.22
2023-10-27,600893,35.09,35.27,35.5,34.79,77587,274557272.0,2.02,0.43,0.15,0.29
2023-10-30,600893,34.99,35.08,35.34,34.87,93417,328908089.0,1.33,-0.54,-0.19,0.35
2023-10-31,600893,35.07,35.19,35.33,34.94,66795,235697453.0,1.11,0.31,0.11,0.25
2023-11-01,600893,35.23,34.86,35.29,34.84,78057,274346292.0,1.28,-0.94,-0.33,0.29
2023-11-02,600893,34.91,34.5,35.1,34.46,74462,259101471.0,1.84,-1.03,-0.36,0.28
2023-11-03,600893,34.54,35.01,35.06,34.5,65370,228813581.0,1.62,1.48,0.51,0.25
2023-11-06,600893,35.14,35.53,35.72,35.03,117372,417946931.0,1.97,1.49,0.52,0.44
2023-11-07,600893,35.45,35.67,35.78,35.27,86429,308907419.0,1.44,0.39,0.14,0.32
2023-11-08,600893,35.67,35.82,36.52,35.59,105585,381240059.0,2.61,0.42,0.15,0.4
2023-11-09,600893,35.75,35.84,35.91,35.51,61229,219832097.0,1.12,0.06,0.02,0.23
2023-11-10,600893,35.65,35.95,36.05,35.52,62844,225970083.0,1.48,0.31,0.11,0.24
2023-11-13,600893,36.02,37.15,37.24,35.73,179996,664412439.0,4.2,3.34,1.2,0.68
2023-11-14,600893,37.12,37.43,37.59,36.94,134926,505213940.0,1.75,0.75,0.28,0.51
2023-11-15,600893,37.49,37.21,37.6,36.91,82522,307883782.0,1.84,-0.59,-0.22,0.31
2023-11-16,600893,37.14,37.09,37.68,37.06,80446,301451829.0,1.67,-0.32,-0.12,0.3
2023-11-17,600893,37.02,37.01,37.18,36.69,72990,270728824.0,1.32,-0.22,-0.08,0.27
2023-11-20,600893,36.99,37.37,37.53,36.86,61058,228340990.0,1.81,0.97,0.36,0.23
2023-11-21,600893,37.43,37.13,37.52,37.05,57767,216156194.0,1.26,-0.64,-0.24,0.22
2023-11-22,600893,37.14,36.78,37.28,36.77,43880,162732677.0,1.37,-0.94,-0.35,0.16
2023-11-23,600893,36.66,36.65,36.91,36.47,51821,190919988.0,1.2,-0.35,-0.13,0.19
2023-11-24,600893,36.65,36.11,36.72,36.01,58685,213632611.0,1.94,-1.47,-0.54,0.22
2023-11-27,600893,36.11,36.04,36.3,35.82,70421,254635293.0,1.33,-0.19,-0.07,0.26
2023-11-28,600893,36.04,36.01,36.24,35.79,43107,155892490.0,1.25,-0.08,-0.03,0.16
2023-11-29,600893,35.99,35.98,36.4,35.72,85942,311268016.0,1.89,-0.08,-0.03,0.32
2023-11-30,600893,35.94,35.8,36.22,35.47,72272,259682621.0,2.08,-0.5,-0.18,0.27
2023-12-01,600893,35.55,36.03,36.15,35.55,64733,233320452.0,1.68,0.64,0.23,0.24
2023-12-04,600893,36.15,36.28,36.64,36.06,82237,300607327.0,1.61,0.69,0.25,0.31
2023-12-05,600893,36.37,35.26,36.37,35.22,89626,320620150.0,3.17,-2.81,-1.02,0.34
2023-12-06,600893,35.15,35.28,35.7,35.14,77354,275296612.0,1.59,0.06,0.02,0.29
2023-12-07,600893,35.24,34.89,35.36,34.69,76823,269279556.0,1.9,-1.11,-0.39,0.29
2023-12-08,600893,34.9,34.64,35.05,34.4,106306,371519023.0,1.86,-0.72,-0.25,0.4
2023-12-11,600893,34.74,35.66,35.75,34.47,111430,392065021.0,3.7,2.94,1.02,0.42
2023-12-12,600893,35.48,35.64,36.18,35.36,63868,228866208.0,2.3,-0.06,-0.02,0.24
2023-12-13,600893,35.53,35.41,36.04,35.41,60738,217537567.0,1.77,-0.65,-0.23,0.23
2023-12-14,600893,35.5,35.04,35.64,34.92,64210,226919283.0,2.03,-1.04,-0.37,0.24
2023-12-15,600893,34.84,34.45,35.13,34.44,67975,236999510.0,1.97,-1.68,-0.59,0.26
2023-12-18,600893,34.34,33.79,34.44,33.72,73742,251983413.0,2.09,-1.92,-0.66,0.28
2023-12-19,600893,33.84,33.8,34.05,33.56,53365,181189364.0,1.45,0.03,0.01,0.2
2023-12-20,600893,33.8,32.73,33.9,32.71,79857,266200842.0,3.52,-3.17,-1.07,0.3
2023-12-21,600893,32.57,33.08,33.1,32.25,78696,259479929.0,2.6,1.07,0.35,0.3
2023-12-22,600893,33.11,34.65,35.07,33.0,212286,732488743.0,6.26,4.75,1.57,0.8
2023-12-25,600893,34.64,36.03,36.17,34.63,202264,727476277.0,4.44,3.98,1.38,0.76
2023-12-26,600893,36.02,36.14,36.5,35.03,194642,700076645.0,4.08,0.31,0.11,0.73
2023-12-27,600893,36.03,36.2,36.39,35.72,102753,372446509.0,1.85,0.17,0.06,0.39
2023-12-28,600893,36.34,36.68,37.1,36.19,151008,556066356.0,2.51,1.33,0.48,0.57
2023-12-29,600893,36.79,37.22,37.4,36.6,132020,491664597.0,2.18,1.47,0.54,0.5
2024-01-02,600893,37.34,36.98,37.59,36.91,111259,416304498.0,1.83,-0.64,-0.24,0.42
2024-01-03,600893,36.84,36.7,36.95,36.31,115851,426015198.0,1.73,-0.76,-0.28,0.43
2024-01-04,600893,36.7,36.27,36.81,35.84,82547,300485105.0,2.64,-1.17,-0.43,0.31
2024-01-05,600893,36.39,34.97,36.42,34.65,145066,515504161.0,4.88,-3.58,-1.3,0.54
2024-01-08,600893,35.07,34.36,35.31,34.36,98351,342648954.0,2.72,-1.74,-0.61,0.37
2024-01-09,600893,34.36,34.18,34.62,33.94,85400,293933296.0,1.98,-0.52,-0.18,0.32
2024-01-10,600893,34.0,33.79,34.47,33.65,73069,249235440.0,2.4,-1.14,-0.39,0.27
2024-01-11,600893,33.64,33.85,34.02,33.45,105071,356337492.0,1.69,0.18,0.06,0.39
2024-01-12,600893,33.82,33.3,33.82,33.14,96014,322685848.0,2.01,-1.62,-0.55,0.36
2024-01-15,600893,33.13,32.76,33.14,32.46,118244,389700845.0,2.04,-1.62,-0.54,0.44
2024-01-16,600893,32.61,32.75,32.82,32.15,104873,342329479.0,2.05,-0.03,-0.01,0.39
2024-01-17,600893,32.74,31.71,32.74,31.71,109011,351927961.0,3.15,-3.18,-1.04,0.41
2024-01-18,600893,31.44,32.12,32.33,30.77,168619,531168187.0,4.92,1.29,0.41,0.63
2024-01-19,600893,31.81,31.94,32.14,31.53,96074,308191063.0,1.9,-0.56,-0.18,0.36
2024-01-22,600893,31.92,31.9,32.77,31.66,175824,570238613.0,3.48,-0.13,-0.04,0.66
2024-01-23,600893,31.84,32.06,32.32,31.26,130104,415217227.0,3.32,0.5,0.16,0.49
2024-01-24,600893,32.24,32.39,32.5,31.17,107262,343180898.0,4.15,1.03,0.33,0.4
2024-01-25,600893,32.26,33.68,33.69,32.17,154357,515064224.0,4.69,3.98,1.29,0.58
2024-01-26,600893,33.64,33.33,33.69,33.19,98577,330574080.0,1.48,-1.04,-0.35,0.37
2024-01-29,600893,33.42,32.86,33.61,32.86,92766,309924156.0,2.25,-1.41,-0.47,0.35
2024-01-30,600893,32.7,32.64,33.32,32.57,85676,283555853.0,2.28,-0.67,-0.22,0.32
2024-01-31,600893,32.49,31.29,32.74,31.16,111063,353569704.0,4.84,-4.14,-1.35,0.42
2024-02-01,600893,31.03,31.1,31.64,30.57,96856,303049280.0,3.42,-0.61,-0.19,0.36
2024-02-02,600893,31.17,29.84,31.33,28.84,160601,486153312.0,8.01,-4.05,-1.26,0.6
2024-02-05,600893,29.34,29.55,30.0,28.13,173638,511178177.0,6.27,-0.97,-0.29,0.65
2024-02-06,600893,29.55,31.42,31.44,29.25,167995,517650011.0,7.41,6.33,1.87,0.63
2024-02-07,600893,31.46,32.24,32.5,31.19,193747,622636766.0,4.17,2.61,0.82,0.73
2024-02-08,600893,32.29,33.02,33.47,32.21,155685,513846274.0,3.91,2.42,0.78,0.58
2024-02-19,600893,33.15,32.55,33.31,32.39,133673,440112645.0,2.79,-1.42,-0.47,0.5
2024-02-20,600893,32.44,32.33,32.59,32.16,107867,350314068.0,1.32,-0.68,-0.22,0.4
2024-02-21,600893,32.25,33.1,33.68,32.0,129741,430562118.0,5.2,2.38,0.77,0.49
2024-02-22,600893,32.98,33.37,33.81,32.92,100749,337995036.0,2.69,0.82,0.27,0.38
2024-02-23,600893,33.46,33.53,33.9,33.03,99778,335539990.0,2.61,0.48,0.16,0.37
2024-02-26,600893,33.47,33.56,33.92,33.23,89383,302357925.0,2.06,0.09,0.03,0.34
2024-02-27,600893,33.51,34.29,34.33,33.35,97525,332131712.0,2.92,2.18,0.73,0.37
2024-02-28,600893,34.37,33.54,34.55,33.54,111733,382337980.0,2.95,-2.19,-0.75,0.42
2024-02-29,600893,33.36,34.25,34.29,33.36,116500,398622644.0,2.77,2.12,0.71,0.44
2024-03-01,600893,34.26,34.92,35.02,34.26,119978,419262532.0,2.22,1.96,0.67,0.45
2024-03-04,600893,34.76,34.74,34.9,34.29,102624,357277412.0,1.75,-0.52,-0.18,0.39
2024-03-05,600893,34.92,35.8,36.73,34.75,262538,948347567.0,5.7,3.05,1.06,0.99
2024-03-06,600893,35.84,35.69,35.94,35.05,140574,501260459.0,2.49,-0.31,-0.11,0.53
2024-03-07,600893,35.62,34.75,35.62,34.54,145271,509776640.0,3.03,-2.63,-0.94,0.55
2024-03-08,600893,34.84,34.76,35.02,34.36,92857,322937023.0,1.9,0.03,0.01,0.35
2024-03-11,600893,34.67,35.41,35.43,34.54,114146,401999502.0,2.56,1.87,0.65,0.43
2024-03-12,600893,35.47,35.84,35.97,35.31,130196,467795356.0,1.86,1.21,0.43,0.49
2024-03-13,600893,35.85,35.44,36.07,35.23,106886,381834257.0,2.34,-1.12,-0.4,0.4
2024-03-14,600893,35.22,35.01,35.43,34.67,97611,343703724.0,2.14,-1.21,-0.43,0.37
2024-03-15,600893,34.96,34.92,35.23,34.47,89371,311724645.0,2.17,-0.26,-0.09,0.34
2024-03-18,600893,34.92,35.51,35.53,34.74,123205,437363389.0,2.26,1.69,0.59,0.46
2024-03-19,600893,35.41,35.11,35.79,35.09,104201,371101707.0,1.97,-1.13,-0.4,0.39
2024-03-20,600893,35.16,34.98,35.42,34.82,78466,276143771.0,1.71,-0.37,-0.13,0.29
2024-03-21,600893,35.04,35.0,35.26,34.64,85882,301603313.0,1.77,0.06,0.02,0.32
2024-03-22,600893,34.91,34.34,34.99,34.13,101235,350149315.0,2.46,-1.89,-0.66,0.38
2024-03-25,600893,34.29,34.04,34.69,33.95,82259,283877457.0,2.15,-0.87,-0.3,0.31
2024-03-26,600893,34.01,33.56,34.33,33.37,95685,324089146.0,2.82,-1.41,-0.48,0.36
2024-03-27,600893,33.61,32.77,33.7,32.7,103856,344981750.0,2.98,-2.35,-0.79,0.39
2024-03-28,600893,32.77,33.41,33.68,32.76,125354,420587981.0,2.81,1.95,0.64,0.47
2024-03-29,600893,33.4,33.8,33.93,33.13,107263,360990568.0,2.39,1.17,0.39,0.4
2024-04-01,600893,33.84,33.9,34.28,33.55,110191,375269664.0,2.16,0.3,0.1,0.41
2024-04-02,600893,33.84,33.44,33.85,33.34,89692,301983872.0,1.5,-1.36,-0.46,0.34
2024-04-03,600893,33.3,33.07,33.4,32.81,79403,263826744.0,1.76,-1.11,-0.37,0.3
2024-04-08,600893,32.88,32.39,33.28,32.35,87392,286212794.0,2.81,-2.06,-0.68,0.33
2024-04-09,600893,32.27,32.33,32.84,32.16,80625,262086276.0,2.1,-0.19,-0.06,0.3
2024-04-10,600893,32.34,32.02,32.37,31.73,91348,293941603.0,1.98,-0.96,-0.31,0.34
2024-04-11,600893,31.83,31.63,32.07,31.57,89840,286896503.0,1.56,-1.22,-0.39,0.34
2024-04-12,600893,31.58,31.65,32.42,31.54,114172,367480183.0,2.78,0.06,0.02,0.43
2024-04-15,600893,31.74,32.56,33.12,31.74,182300,596587207.0,4.36,2.88,0.91,0.68
2024-04-16,600893,32.54,32.16,33.04,32.09,139230,455656894.0,2.92,-1.23,-0.4,0.52
2024-04-17,600893,32.16,32.74,32.77,31.81,125637,408779115.0,2.99,1.8,0.58,0.47
2024-04-18,600893,32.58,32.43,32.78,32.14,126099,411800512.0,1.95,-0.95,-0.31,0.47
2024-04-19,600893,32.15,32.71,33.26,32.14,150494,495384343.0,3.45,0.86,0.28,0.56
2024-04-22,600893,32.76,33.8,33.99,32.6,253292,853707871.0,4.25,3.33,1.09,0.95
2024-04-23,600893,33.56,34.19,34.44,33.42,219993,751896160.0,3.02,1.15,0.39,0.83
2024-04-24,600893,34.43,35.09,35.33,33.98,233160,815826982.0,3.95,2.63,0.9,0.87
2024-04-25,600893,35.24,34.71,35.32,34.43,180476,628784433.0,2.54,-1.08,-0.38,0.68
2024-04-26,600893,34.69,34.8,35.03,34.54,137925,481860808.0,1.41,0.26,0.09,0.52
2024-04-29,600893,34.74,35.58,35.79,34.71,180704,639430558.0,3.1,2.24,0.78,0.68
2024-04-30,600893,35.84,35.2,36.45,35.18,225806,807210739.0,3.57,-1.07,-0.38,0.85
2024-05-06,600893,35.67,34.77,35.69,34.72,178282,625308947.0,2.76,-1.22,-0.43,0.67
2024-05-07,600893,34.72,35.79,35.94,34.62,213851,764193744.0,3.8,2.93,1.02,0.8
2024-05-08,600893,35.59,35.57,35.77,35.27,123519,440604084.0,1.4,-0.61,-0.22,0.46
2024-05-09,600893,35.47,37.3,37.44,35.34,308630,1136125897.0,5.9,4.86,1.73,1.16
2024-05-10,600893,37.26,37.39,38.27,37.14,309240,1170769237.0,3.03,0.24,0.09,1.16
2024-05-13,600893,37.02,37.23,37.83,36.64,159974,598770424.0,3.18,-0.43,-0.16,0.6
2024-05-14,600893,37.03,36.71,37.19,36.44,130189,480836747.0,2.01,-1.4,-0.52,0.49
2024-05-15,600893,36.71,36.26,36.8,36.22,83947,307265179.0,1.58,-1.23,-0.45,0.31
2024-05-16,600893,36.23,35.98,36.55,35.74,126942,459610191.0,2.23,-0.77,-0.28,0.48
2024-05-17,600893,36.11,36.5,36.52,35.86,99215,361714576.0,1.83,1.45,0.52,0.37
2024-05-20,600893,36.43,36.94,37.69,36.3,148895,554321574.0,3.81,1.21,0.44,0.56
2024-05-21,600893,36.82,36.15,36.84,36.04,102491,373946309.0,2.17,-2.14,-0.79,0.38
2024-05-22,600893,36.15,35.83,36.15,35.36,119571,428708110.0,2.19,-0.89,-0.32,0.45
2024-05-23,600893,36.04,35.22,36.14,35.19,107057,381082967.0,2.65,-1.7,-0.61,0.4
2024-05-24,600893,35.16,34.94,35.34,34.84,71101,250214969.0,1.42,-0.8,-0.28,0.27
2024-05-27,600893,34.94,35.08,35.19,34.51,93080,325162707.0,1.95,0.4,0.14,0.35
2024-05-28,600893,34.93,35.39,35.64,34.67,122188,433434897.0,2.77,0.88,0.31,0.46
2024-05-29,600893,35.32,35.18,35.7,35.0,80646,285399004.0,1.98,-0.59,-0.21,0.3
2024-05-30,600893,34.94,36.63,37.23,34.82,256260,938072116.0,6.85,4.12,1.45,0.96
2024-05-31,600893,36.81,37.15,37.33,36.34,176032,652451228.0,2.7,1.42,0.52,0.66
2024-06-03,600893,36.85,36.92,37.34,36.56,125555,464412123.0,2.1,-0.62,-0.23,0.47
2024-06-04,600893,36.99,37.37,37.68,36.82,184011,689056975.0,2.33,1.22,0.45,0.69
2024-06-05,600893,37.14,37.64,38.39,37.05,311652,1187189538.0,3.59,0.72,0.27,1.17
2024-06-06,600893,37.44,37.2,37.64,36.95,197323,738300927.0,1.83,-1.17,-0.44,0.74
2024-06-07,600893,37.44,37.39,38.21,37.08,205525,776627270.0,3.04,0.51,0.19,0.77
2024-06-11,600893,37.27,37.92,37.94,37.06,204535,773597216.0,2.35,1.42,0.53,0.77
2024-06-12,600893,37.83,37.53,38.19,37.41,170531,647042241.0,2.06,-1.03,-0.39,0.64
2024-06-13,600893,37.43,37.64,37.96,37.15,131989,497895536.0,2.16,0.29,0.11,0.5
2024-06-14,600893,37.54,37.37,37.54,36.57,265794,986914161.0,2.58,-0.72,-0.27,1.0
2024-06-17,600893,36.84,37.39,37.83,36.84,174379,656199657.0,2.65,0.05,0.02,0.65
2024-06-18,600893,37.27,37.5,37.89,37.22,143548,542039287.0,1.79,0.29,0.11,0.54
2024-06-19,600893,37.46,37.31,37.64,37.09,101043,378605135.0,1.47,-0.51,-0.19,0.38
2024-06-20,600893,37.22,36.82,37.34,36.54,155547,576286855.0,2.14,-1.31,-0.49,0.58
2024-06-21,600893,36.89,36.72,37.29,36.43,102681,379332539.0,2.34,-0.27,-0.1,0.39
2024-06-24,600893,36.76,36.34,37.03,36.22,121726,446635975.0,2.21,-1.03,-0.38,0.46
2024-06-25,600893,36.24,35.75,36.34,35.57,110467,398235621.0,2.12,-1.62,-0.59,0.41
2024-06-26,600893,35.75,35.94,36.09,35.51,83434,300355315.0,1.62,0.53,0.19,0.31
2024-06-27,600893,35.91,35.43,35.97,35.33,77953,276926750.0,1.78,-1.42,-0.51,0.29
2024-06-28,600893,35.37,36.55,36.72,35.33,129310,469331349.0,3.92,3.16,1.12,0.49
2024-07-01,600893,36.35,36.27,36.5,35.6,94020,339062806.0,2.46,-0.77,-0.28,0.35
2024-07-02,600893,36.17,35.8,36.35,35.62,70994,254732075.0,2.01,-1.3,-0.47,0.27
2024-07-03,600893,35.74,35.66,35.95,35.45,61896,220675104.0,1.4,-0.39,-0.14,0.23
2024-07-04,600893,35.71,35.54,36.07,35.54,61019,218172036.0,1.49,-0.34,-0.12,0.23
2024-07-05,600893,35.53,35.41,35.55,34.78,101930,358117596.0,2.17,-0.37,-0.13,0.38
2024-07-08,600893,35.29,35.27,35.88,35.19,69932,247817703.0,1.95,-0.4,-0.14,0.26
2024-07-09,600893,35.27,35.04,35.55,34.85,108659,381392642.0,1.98,-0.65,-0.23,0.41
2024-07-10,600893,35.17,35.52,35.65,34.97,107134,378411917.0,1.94,1.37,0.48,0.4
2024-07-11,600893,35.77,36.59,36.94,35.52,120383,437127600.0,4.0,3.01,1.07,0.45
2024-07-12,600893,36.6,36.82,37.16,36.36,88553,325683918.0,2.19,0.63,0.23,0.33
2024-07-15,600893,36.61,36.47,36.98,36.3,66434,243456676.0,1.85,-0.95,-0.35,0.25
2024-07-16,600893,36.36,37.48,37.55,36.36,127009,471403791.0,3.26,2.77,1.01,0.48
2024-07-17,600893,37.44,37.52,37.73,37.05,96552,361871666.0,1.81,0.11,0.04,0.36
2024-07-18,600893,37.22,39.0,39.43,37.17,269899,1040302053.0,6.02,3.94,1.48,1.01
2024-07-19,600893,38.98,39.97,40.0,38.96,296329,1175210935.0,2.67,2.49,0.97,1.11
2024-07-22,600893,39.99,40.01,40.65,39.75,225701,904883703.0,2.25,0.1,0.04,0.85
2024-07-23,600893,40.01,39.53,40.04,39.51,140325,558050618.0,1.32,-1.2,-0.48,0.53
2024-07-24,600893,39.4,39.99,40.77,39.31,229975,923374884.0,3.69,1.16,0.46,0.86
2024-07-25,600893,39.99,39.81,40.15,39.38,125383,497707232.0,1.93,-0.45,-0.18,0.47
2024-07-26,600893,39.8,40.85,41.22,39.75,240693,979985146.0,3.69,2.61,1.04,0.9
2024-07-29,600893,41.1,40.22,41.28,39.89,224727,912945055.0,3.4,-1.54,-0.63,0.84
2024-07-30,600893,40.0,39.93,40.34,39.55,139836,558698759.0,1.96,-0.72,-0.29,0.52
2024-07-31,600893,39.94,39.76,40.31,39.24,229950,913981467.0,2.68,-0.43,-0.17,0.86
2024-08-01,600893,39.72,39.69,40.84,39.61,180194,724575967.0,3.09,-0.18,-0.07,0.68
2024-08-02,600893,39.4,39.26,40.23,39.26,126721,501472346.0,2.44,-1.08,-0.43,0.48
2024-08-05,600893,39.16,38.52,39.73,38.42,159797,622194185.0,3.34,-1.88,-0.74,0.6
2024-08-06,600893,38.73,39.1,39.64,38.6,154180,603065175.0,2.7,1.51,0.58,0.58
2024-08-07,600893,39.21,39.2,39.36,38.81,115060,450150462.0,1.41,0.26,0.1,0.43
2024-08-08,600893,38.99,38.06,39.02,37.45,233903,888524971.0,4.01,-2.91,-1.14,0.88
2024-08-09,600893,38.36,38.05,38.36,37.71,97617,371455042.0,1.71,-0.03,-0.01,0.37
2024-08-12,600893,37.85,38.0,38.37,37.39,113750,432094665.0,2.58,-0.13,-0.05,0.43
2024-08-13,600893,37.8,38.07,38.29,37.7,89227,338684807.0,1.55,0.18,0.07,0.33
2024-08-14,600893,38.01,37.52,38.1,37.52,72076,271968734.0,1.52,-1.44,-0.55,0.27
2024-08-15,600893,37.41,37.63,37.93,37.27,93120,350617787.0,1.76,0.29,0.11,0.35
2024-08-16,600893,37.86,36.82,37.86,36.71,129082,478743395.0,3.06,-2.15,-0.81,0.48
2024-08-19,600893,36.84,36.81,37.28,36.67,76568,282917184.0,1.66,-0.03,-0.01,0.29
2024-08-20,600893,36.84,36.51,37.18,36.14,79830,291203434.0,2.83,-0.81,-0.3,0.3
2024-08-21,600893,36.35,36.39,36.76,36.18,61978,225953900.0,1.59,-0.33,-0.12,0.23
2024-08-22,600893,36.48,36.65,37.05,36.2,85078,311941427.0,2.34,0.71,0.26,0.32
2024-08-23,600893,36.54,36.61,36.91,36.28,78371,286821006.0,1.72,-0.11,-0.04,0.29
2024-08-26,600893,36.63,35.79,36.81,35.37,131239,470561016.0,3.93,-2.24,-0.82,0.49
2024-08-27,600893,35.7,35.48,35.96,35.26,66389,235736207.0,1.96,-0.87,-0.31,0.25
2024-08-28,600893,35.5,35.26,36.1,35.18,136842,486409305.0,2.59,-0.62,-0.22,0.51
2024-08-29,600893,35.08,34.93,35.73,34.89,168098,592949987.0,2.38,-0.94,-0.33,0.63
2024-08-30,600893,34.95,35.5,35.8,34.63,281712,993750366.0,3.35,1.63,0.57,1.06
2024-09-02,600893,35.15,34.51,35.71,34.5,147513,515985587.0,3.41,-2.79,-0.99,0.55
2024-09-03,600893,34.69,34.84,35.05,34.5,118343,412249060.0,1.59,0.96,0.33,0.44
2024-09-04,600893,34.68,34.94,34.99,34.31,84952,295101865.0,1.95,0.29,0.1,0.32
2024-09-05,600893,34.93,35.25,35.27,34.6,104076,364684398.0,1.92,0.89,0.31,0.39
2024-09-06,600893,35.21,35.0,35.35,34.89,63766,223702237.0,1.3,-0.71,-0.25,0.24
2024-09-09,600893,34.83,34.28,35.22,34.05,128863,444308925.0,3.34,-2.06,-0.72,0.48
2024-09-10,600893,34.49,34.21,34.52,33.69,111732,381011703.0,2.42,-0.2,-0.07,0.42
2024-09-11,600893,34.12,34.55,34.64,34.02,85818,295253340.0,1.81,0.99,0.34,0.32
2024-09-12,600893,34.55,34.47,35.11,34.41,80950,281130342.0,2.03,-0.23,-0.08,0.3
2024-09-13,600893,34.5,34.39,34.93,34.38,75371,260963350.0,1.6,-0.23,-0.08,0.28
2024-09-18,600893,34.4,34.53,34.57,33.7,72687,248126059.0,2.53,0.41,0.14,0.27
2024-09-19,600893,34.56,33.95,34.66,33.43,127087,430557099.0,3.56,-1.68,-0.58,0.48
2024-09-20,600893,33.86,34.2,34.38,33.34,126563,428456349.0,3.06,0.74,0.25,0.47
2024-09-23,600893,34.05,34.13,34.96,34.0,95434,329700793.0,2.81,-0.2,-0.07,0.36
2024-09-24,600893,34.4,35.3,35.3,34.02,169639,589393013.0,3.75,3.43,1.17,0.64
2024-09-25,600893,35.45,36.26,36.56,35.45,194753,703480262.0,3.14,2.72,0.96,0.73
2024-09-26,600893,36.17,37.13,37.18,35.83,159978,584216065.0,3.72,2.4,0.87,0.6
2024-09-27,600893,37.45,38.89,38.97,37.2,133759,507540433.0,4.77,4.74,1.76,0.5
2024-09-30,600893,39.94,41.29,41.8,39.29,456844,1868037235.0,6.45,6.17,2.4,1.71
2024-10-08,600893,45.42,44.0,45.42,42.07,647709,2836484512.0,8.11,6.56,2.71,2.43
2024-10-09,600893,42.9,41.7,43.59,41.21,420708,1787961383.0,5.41,-5.23,-2.3,1.58
2024-10-10,600893,41.39,41.97,43.42,41.39,317194,1346134900.0,4.87,0.65,0.27,1.19
2024-10-11,600893,41.66,39.94,41.66,39.58,278178,1126375465.0,4.96,-4.84,-2.03,1.04
2024-10-14,600893,40.69,41.65,42.09,40.5,330537,1371380636.0,3.98,4.28,1.71,1.24
2024-10-15,600893,41.5,40.94,42.04,40.71,201697,836169916.0,3.19,-1.7,-0.71,0.76
2024-10-16,600893,40.4,41.0,41.41,40.22,198615,813093369.0,2.91,0.15,0.06,0.75
2024-10-17,600893,40.99,40.88,41.9,40.85,173612,717586323.0,2.56,-0.29,-0.12,0.65
2024-10-18,600893,40.66,41.6,42.11,40.47,376095,1560381240.0,4.01,1.76,0.72,1.41
2024-10-21,600893,42.0,43.13,43.4,42.0,565427,2429059132.0,3.37,3.68,1.53,2.12
2024-10-22,600893,43.15,42.31,43.23,41.87,243019,1027490845.0,3.15,-1.9,-0.82,0.91
2024-10-23,600893,42.31,44.26,45.81,42.2,706001,3143426202.0,8.53,4.61,1.95,2.65
2024-10-24,600893,44.0,42.94,44.0,42.7,290651,1254184373.0,2.94,-2.98,-1.32,1.09
2024-10-25,600893,42.6,42.9,43.48,42.55,201299,863881418.0,2.17,-0.09,-0.04,0.76
2024-10-28,600893,43.0,43.92,44.9,43.0,339953,1496065449.0,4.43,2.38,1.02,1.28
2024-10-29,600893,43.92,43.18,44.15,43.08,191507,834216323.0,2.44,-1.68,-0.74,0.72
2024-10-30,600893,43.0,43.5,43.83,42.86,173411,753525959.0,2.25,0.74,0.32,0.65
2024-10-31,600893,42.86,42.76,43.58,42.14,254141,1086165253.0,3.31,-1.7,-0.74,0.95
2024-11-01,600893,42.6,41.82,42.92,41.67,192898,811187458.0,2.92,-2.2,-0.94,0.72
2024-11-04,600893,41.82,42.5,42.89,41.8,145208,615987839.0,2.61,1.63,0.68,0.54
2024-11-05,600893,43.35,46.75,46.75,43.11,902409,4104110586.0,8.56,10.0,4.25,3.39
2024-11-06,600893,48.69,46.79,48.72,45.93,810814,3824293058.0,5.97,0.09,0.04,3.04
2024-11-07,600893,46.0,45.76,46.0,44.14,534944,2416948157.0,3.98,-2.2,-1.03,2.01
2024-11-08,600893,46.0,47.23,47.99,45.99,577678,2729626343.0,4.37,3.21,1.47,2.17
2024-11-11,600893,47.65,47.0,47.65,46.11,433246,2021488219.0,3.26,-0.49,-0.23,1.63
2024-11-12,600893,47.0,45.18,47.27,44.87,447524,2045774886.0,5.11,-3.87,-1.82,1.68
2024-11-13,600893,45.0,45.11,45.24,43.91,289425,1288913833.0,2.94,-0.15,-0.07,1.09
2024-11-14,600893,45.31,43.71,45.4,43.5,264668,1172568661.0,4.21,-3.1,-1.4,0.99
2024-11-15,600893,43.5,41.9,43.72,41.77,275112,1172771369.0,4.46,-4.14,-1.81,1.03
2024-11-18,600893,41.91,41.85,43.17,41.25,304877,1290558133.0,4.58,-0.12,-0.05,1.14
2024-11-19,600893,42.11,42.15,42.6,41.19,187011,782939771.0,3.37,0.72,0.3,0.7
2024-11-20,600893,42.15,42.7,42.95,41.82,210017,892293781.0,2.68,1.3,0.55,0.79
2024-11-21,600893,42.57,42.3,42.97,42.0,148962,632425823.0,2.27,-0.94,-0.4,0.56
2024-11-22,600893,42.3,41.18,42.55,41.14,169884,710591101.0,3.33,-2.65,-1.12,0.64
2024-11-25,600893,41.16,40.03,41.38,39.65,222145,895341070.0,4.2,-2.79,-1.15,0.83
2024-11-26,600893,40.28,40.45,41.18,40.14,142826,581364625.0,2.6,1.05,0.42,0.54
2024-11-27,600893,40.07,41.29,41.5,39.9,172134,704169765.0,3.96,2.08,0.84,0.65
2024-11-28,600893,41.16,40.97,42.14,40.9,141124,585332172.0,3.0,-0.78,-0.32,0.53
2024-11-29,600893,40.91,41.88,42.11,40.84,167546,697456255.0,3.1,2.22,0.91,0.63
2024-12-02,600893,41.95,41.8,42.37,41.33,267623,1117922634.0,2.48,-0.19,-0.08,1.0
2024-12-03,600893,41.81,41.62,41.88,41.13,144141,598022654.0,1.79,-0.43,-0.18,0.54
2024-12-04,600893,41.55,41.36,41.7,41.02,134108,553551181.0,1.63,-0.62,-0.26,0.5
2024-12-05,600893,41.17,41.84,42.08,41.0,118226,491816224.0,2.61,1.16,0.48,0.44
2024-12-06,600893,41.8,41.75,42.11,41.65,121739,509166486.0,1.1,-0.22,-0.09,0.46
2024-12-09,600893,41.41,40.27,41.57,40.0,263544,1071678737.0,3.76,-3.54,-1.48,0.99
2024-12-10,600893,41.12,40.68,41.34,40.5,186930,763693211.0,2.09,1.02,0.41,0.7
2024-12-11,600893,40.6,40.5,40.67,40.13,99234,400726329.0,1.33,-0.44,-0.18,0.37
2024-12-12,600893,40.8,41.23,41.65,40.8,202689,836614481.0,2.1,1.8,0.73,0.76
2024-12-13,600893,40.95,40.2,40.99,39.9,196391,791308940.0,2.64,-2.5,-1.03,0.74
2024-12-16,600893,40.15,39.91,40.19,39.57,126693,505736440.0,1.54,-0.72,-0.29,0.48
2024-12-17,600893,39.83,39.77,40.29,39.61,81030,323809766.0,1.7,-0.35,-0.14,0.3
2024-12-18,600893,39.81,40.02,40.15,39.71,92719,370911758.0,1.11,0.63,0.25,0.35
2024-12-19,600893,39.65,39.98,40.05,39.36,74243,295576300.0,1.72,-0.1,-0.04,0.28
2024-12-20,600893,39.88,40.03,40.2,39.78,84488,338007629.0,1.05,0.13,0.05,0.32
2024-12-23,600893,39.99,39.3,40.28,39.22,146070,579430182.0,2.65,-1.82,-0.73,0.55
2024-12-24,600893,39.33,39.75,39.8,39.33,93331,370109916.0,1.2,1.15,0.45,0.35
2024-12-25,600893,39.7,40.47,40.6,39.5,139714,560367406.0,2.77,1.81,0.72,0.52
2024-12-26,600893,40.6,40.89,41.85,40.5,213444,880287892.0,3.34,1.04,0.42,0.8
2024-12-27,600893,42.69,41.19,42.88,40.91,382372,1589389250.0,4.82,0.73,0.3,1.43
2024-12-30,600893,41.28,40.85,41.47,40.8,186831,767244565.0,1.63,-0.83,-0.34,0.7
2024-12-31,600893,40.86,41.45,41.8,40.39,285536,1181504662.0,3.45,1.47,0.6,1.07
2025-01-02,600893,41.01,40.29,41.5,40.1,189214,772162724.0,3.38,-2.8,-1.16,0.71
2025-01-03,600893,40.28,39.2,40.44,38.89,170024,671061914.0,3.85,-2.71,-1.09,0.64
2025-01-06,600893,38.98,38.24,39.27,37.86,147557,566098054.0,3.6,-2.45,-0.96,0.55
2025-01-07,600893,38.27,38.56,38.6,37.92,87911,337431011.0,1.78,0.84,0.32,0.33
2025-01-08,600893,38.3,37.71,38.46,37.0,151493,571895333.0,3.79,-2.2,-0.85,0.57
2025-01-09,600893,37.66,38.9,39.36,37.31,175239,673713962.0,5.44,3.16,1.19,0.66
2025-01-10,600893,38.95,38.58,39.78,38.58,110985,434433392.0,3.08,-0.82,-0.32,0.42
2025-01-13,600893,38.0,38.77,39.22,37.88,95156,368031178.0,3.47,0.49,0.19,0.36
2025-01-14,600893,38.69,39.09,39.29,38.47,211121,823258371.0,2.12,0.83,0.32,0.79
2025-01-15,600893,39.0,38.55,39.15,38.33,102249,395985266.0,2.1,-1.38,-0.54,0.38
2025-01-16,600893,38.59,38.26,39.06,38.1,103624,399688117.0,2.49,-0.75,-0.29,0.39
2025-01-17,600893,38.09,38.97,39.37,38.09,148503,575845180.0,3.35,1.86,0.71,0.56
2025-01-20,600893,38.93,38.87,39.4,38.84,121227,474260032.0,1.44,-0.26,-0.1,0.45
2025-01-21,600893,38.98,38.03,38.99,37.88,118697,454556711.0,2.86,-2.16,-0.84,0.45
2025-01-22,600893,38.0,37.61,38.0,37.28,108820,407895872.0,1.89,-1.1,-0.42,0.41
2025-01-23,600893,37.82,37.24,38.19,37.2,117854,442714852.0,2.63,-0.98,-0.37,0.44
2025-01-24,600893,37.21,37.33,37.55,37.06,81242,303175934.0,1.32,0.24,0.09,0.3
2025-01-27,600893,37.33,37.34,37.86,37.32,81348,305886836.0,1.45,0.03,0.01,0.31
2025-02-05,600893,37.45,37.94,38.1,37.24,105415,398532129.0,2.3,1.61,0.6,0.4
2025-02-06,600893,37.97,39.03,39.05,37.66,133343,515255934.0,3.66,2.87,1.09,0.5
2025-02-07,600893,39.07,38.83,39.18,38.5,134499,523346107.0,1.74,-0.51,-0.2,0.5
2025-02-10,600893,38.82,38.78,38.98,38.59,98616,382639193.0,1.0,-0.13,-0.05,0.37
2025-02-11,600893,38.78,38.28,38.87,38.0,127261,486746999.0,2.24,-1.29,-0.5,0.48
2025-02-12,600893,38.12,38.4,38.42,38.0,80724,308549071.0,1.1,0.31,0.12,0.3
2025-02-13,600893,38.48,39.1,39.79,38.41,251859,988250972.0,3.59,1.82,0.7,0.95
2025-02-14,600893,39.0,38.5,39.3,38.3,139454,538153475.0,2.56,-1.53,-0.6,0.52
2025-02-17,600893,38.51,37.7,38.55,37.3,308365,1161979198.0,3.25,-2.08,-0.8,1.16
2025-02-18,600893,37.68,36.85,37.72,36.75,221651,824288253.0,2.57,-2.25,-0.85,0.83
2025-02-19,600893,36.6,37.0,37.15,36.6,146499,540035790.0,1.49,0.41,0.15,0.55
2025-02-20,600893,37.0,37.0,37.24,36.42,147381,544017878.0,2.22,0.0,0.0,0.55
2025-02-21,600893,36.85,36.86,37.08,36.8,197652,729876573.0,0.76,-0.38,-0.14,0.74
2025-02-24,600893,36.88,36.89,37.34,36.52,180553,667022624.0,2.22,0.08,0.03,0.68
2025-02-25,600893,36.61,36.1,36.7,35.88,264821,959209569.0,2.22,-2.14,-0.79,0.99
2025-02-26,600893,36.12,36.1,36.47,35.9,188791,681552667.0,1.58,0.0,0.0,0.71
2025-02-27,600893,36.19,35.76,36.25,35.5,172415,616857317.0,2.08,-0.94,-0.34,0.65
2025-02-28,600893,35.82,35.12,36.1,35.12,205886,731878465.0,2.74,-1.79,-0.64,0.77
2025-03-03,600893,35.15,35.38,35.88,35.15,153538,546060008.0,2.08,0.74,0.26,0.58
2025-03-04,600893,35.75,36.01,36.35,35.52,248500,896075617.0,2.35,1.78,0.63,0.93
2025-03-05,600893,36.2,36.0,36.35,35.71,142738,513865150.0,1.78,-0.03,-0.01,0.54
2025-03-06,600893,36.02,36.08,36.23,35.67,208302,748578141.0,1.56,0.22,0.08,0.78
2025-03-07,600893,36.0,37.91,39.29,35.9,674209,2548949345.0,9.4,5.07,1.83,2.53
2025-03-10,600893,37.91,37.96,38.62,37.7,315853,1204503311.0,2.43,0.13,0.05,1.19
2025-03-11,600893,37.57,38.7,38.96,37.5,343856,1322676814.0,3.85,1.95,0.74,1.29
2025-03-12,600893,38.91,38.34,39.25,38.29,259335,1002523157.0,2.48,-0.93,-0.36,0.97
2025-03-13,600893,38.35,38.67,39.28,37.91,325406,1257378602.0,3.57,0.86,0.33,1.22
2025-03-14,600893,38.8,38.61,38.86,37.89,265863,1020795095.0,2.51,-0.16,-0.06,1.0
2025-03-17,600893,38.6,38.36,38.97,38.31,161794,623502276.0,1.71,-0.65,-0.25,0.61
2025-03-18,600893,38.33,38.13,38.46,37.95,135399,516638635.0,1.33,-0.6,-0.23,0.51
2025-03-19,600893,38.02,38.0,38.07,37.67,165731,627235178.0,1.05,-0.34,-0.13,0.62
2025-03-20,600893,38.0,37.83,38.66,37.68,195372,743759282.0,2.58,-0.45,-0.17,0.73
2025-03-21,600893,37.71,37.54,38.33,37.34,178251,673956346.0,2.62,-0.77,-0.29,0.67
2025-03-24,600893,37.5,37.19,37.69,36.63,188280,697891481.0,2.82,-0.93,-0.35,0.71
2025-03-25,600893,37.13,36.86,37.56,36.83,146684,545126110.0,1.96,-0.89,-0.33,0.55
2025-03-26,600893,36.89,36.91,37.19,36.7,108805,401916616.0,1.33,0.14,0.05,0.41
2025-03-27,600893,36.85,36.7,37.04,36.2,105171,385383865.0,2.28,-0.57,-0.21,0.39
2025-03-28,600893,36.69,36.59,36.85,36.43,88609,324369881.0,1.14,-0.3,-0.11,0.33
2025-03-31,600893,36.48,36.21,36.52,35.6,200293,720971222.0,2.51,-1.04,-0.38,0.75
2025-04-01,600893,36.42,36.77,37.2,36.38,153246,563167937.0,2.26,1.55,0.56,0.58
2025-04-02,600893,35.56,33.09,35.56,33.09,982399,3271645400.0,6.72,-10.01,-3.68,3.69
2025-04-03,600893,32.53,32.69,33.07,32.41,338304,1106997344.0,1.99,-1.21,-0.4,1.27
2025-04-07,600893,31.25,31.7,32.87,30.0,482779,1532441075.0,8.78,-3.03,-0.99,1.81
2025-04-08,600893,31.68,32.61,32.72,31.65,324490,1040243360.0,3.38,2.87,0.91,1.22
2025-04-09,600893,32.2,34.3,34.67,32.0,492822,1661369190.0,8.19,5.18,1.69,1.85
2025-04-10,600893,34.42,34.36,34.55,33.58,341847,1169669555.0,2.83,0.17,0.06,1.28
2025-04-11,600893,34.48,34.18,34.64,34.05,210760,722860390.0,1.72,-0.52,-0.18,0.79
2025-04-14,600893,34.03,34.38,34.8,34.01,214620,738248842.0,2.31,0.59,0.2,0.81
2025-04-15,600893,34.39,33.71,34.46,33.34,179889,605720289.0,3.26,-1.95,-0.67,0.67
2025-04-16,600893,34.9,34.17,35.03,33.6,244112,832482037.0,4.24,1.36,0.46,0.92
2025-04-17,600893,33.86,34.3,34.58,33.69,198123,679243699.0,2.6,0.38,0.13,0.74
2025-04-18,600893,34.05,33.99,34.23,33.76,106391,361263944.0,1.37,-0.9,-0.31,0.4
2025-04-21,600893,34.0,34.23,34.89,34.0,180572,621106074.0,2.62,0.71,0.24,0.68
2025-04-22,600893,34.12,34.21,34.6,33.98,130144,446273638.0,1.81,-0.06,-0.02,0.49
2025-04-23,600893,34.21,33.76,34.21,33.5,167932,566961079.0,2.08,-1.32,-0.45,0.63
2025-04-24,600893,33.7,33.2,33.7,33.11,140455,468419173.0,1.75,-1.66,-0.56,0.53
2025-04-25,600893,33.22,33.41,33.58,32.88,117087,388953800.0,2.11,0.63,0.21,0.44
2025-04-28,600893,33.38,32.78,33.38,32.6,150904,496565653.0,2.33,-1.89,-0.63,0.57
2025-04-29,600893,32.6,32.77,32.87,32.33,129183,421412019.0,1.65,-0.03,-0.01,0.48
2025-04-30,600893,32.3,32.8,32.86,32.13,137496,449204903.0,2.23,0.09,0.03,0.52
2025-05-06,600893,32.99,33.27,33.28,32.88,120132,398495770.0,1.22,1.43,0.47,0.45
2025-05-07,600893,34.0,34.44,35.12,33.53,437954,1502849196.0,4.78,3.52,1.17,1.64
2025-05-08,600893,34.48,35.18,35.35,33.88,441693,1534049131.0,4.27,2.15,0.74,1.66
2025-05-09,600893,35.02,34.2,35.02,34.1,252131,866790076.0,2.62,-2.79,-0.98,0.95
2025-05-12,600893,34.38,35.9,36.71,34.09,638138,2281777438.0,7.66,4.97,1.7,2.39
2025-05-13,600893,35.94,34.76,35.94,34.72,325182,1143596641.0,3.4,-3.18,-1.14,1.22
2025-05-14,600893,34.77,34.47,35.09,34.35,181274,626113944.0,2.13,-0.83,-0.29,0.68
2025-05-15,600893,34.4,34.11,34.77,34.06,151480,519949270.0,2.06,-1.04,-0.36,0.57
2025-05-16,600893,34.13,33.79,34.65,33.66,198850,677302939.0,2.9,-0.94,-0.32,0.75
2025-05-19,600893,33.99,34.11,34.25,33.69,138763,472477087.0,1.66,0.95,0.32,0.52
2025-05-20,600893,34.11,34.06,34.18,33.7,114753,389350714.0,1.41,-0.15,-0.05,0.43
2025-05-21,600893,34.08,34.28,34.69,33.86,150057,514971860.0,2.44,0.65,0.22,0.56
2025-05-22,600893,34.19,34.0,34.72,33.95,144220,494533655.0,2.25,-0.82,-0.28,0.54
2025-05-23,600893,33.86,33.9,34.37,33.8,122436,417588002.0,1.68,-0.29,-0.1,0.46
2025-05-26,600893,33.87,34.03,34.14,33.7,71988,244677570.0,1.3,0.38,0.13,0.27
2025-05-27,600893,33.96,33.71,34.0,33.51,90416,304755392.0,1.44,-0.94,-0.32,0.34
